caso,threads,repeticao,thread,operacoes
01-baseline-sequencial,1,1,0,200
01-baseline-sequencial,1,2,0,200
01-baseline-sequencial,1,3,0,200
01-baseline-sequencial,1,4,0,200
01-baseline-sequencial,1,5,0,200
01-baseline-sequencial,1,6,0,200
01-baseline-sequencial,1,7,0,200
01-baseline-sequencial,1,8,0,200
01-baseline-sequencial,1,9,0,200
01-baseline-sequencial,1,10,0,200
02-worker-cpu,1,1,0,400000000
02-worker-cpu,1,2,0,400000000
02-worker-cpu,1,3,0,400000000
02-worker-cpu,1,4,0,400000000
02-worker-cpu,1,5,0,400000000
02-worker-cpu,1,6,0,400000000
02-worker-cpu,1,7,0,400000000
02-worker-cpu,1,8,0,400000000
02-worker-cpu,1,9,0,400000000
02-worker-cpu,1,10,0,400000000
02-worker-cpu,2,1,0,200000000
02-worker-cpu,2,1,1,200000000
02-worker-cpu,2,2,0,200000000
02-worker-cpu,2,2,1,200000000
02-worker-cpu,2,3,0,200000000
02-worker-cpu,2,3,1,200000000
02-worker-cpu,2,4,0,200000000
02-worker-cpu,2,4,1,200000000
02-worker-cpu,2,5,0,200000000
02-worker-cpu,2,5,1,200000000
02-worker-cpu,2,6,0,200000000
02-worker-cpu,2,6,1,200000000
02-worker-cpu,2,7,0,200000000
02-worker-cpu,2,7,1,200000000
02-worker-cpu,2,8,0,200000000
02-worker-cpu,2,8,1,200000000
02-worker-cpu,2,9,0,200000000
02-worker-cpu,2,9,1,200000000
02-worker-cpu,2,10,0,200000000
02-worker-cpu,2,10,1,200000000
02-worker-cpu,4,1,0,100000000
02-worker-cpu,4,1,1,100000000
02-worker-cpu,4,1,2,100000000
02-worker-cpu,4,1,3,100000000
02-worker-cpu,4,2,0,100000000
02-worker-cpu,4,2,1,100000000
02-worker-cpu,4,2,2,100000000
02-worker-cpu,4,2,3,100000000
02-worker-cpu,4,3,0,100000000
02-worker-cpu,4,3,1,100000000
02-worker-cpu,4,3,2,100000000
02-worker-cpu,4,3,3,100000000
02-worker-cpu,4,4,0,100000000
02-worker-cpu,4,4,1,100000000
02-worker-cpu,4,4,2,100000000
02-worker-cpu,4,4,3,100000000
02-worker-cpu,4,5,0,100000000
02-worker-cpu,4,5,1,100000000
02-worker-cpu,4,5,2,100000000
02-worker-cpu,4,5,3,100000000
02-worker-cpu,4,6,0,100000000
02-worker-cpu,4,6,1,100000000
02-worker-cpu,4,6,2,100000000
02-worker-cpu,4,6,3,100000000
02-worker-cpu,4,7,0,100000000
02-worker-cpu,4,7,1,100000000
02-worker-cpu,4,7,2,100000000
02-worker-cpu,4,7,3,100000000
02-worker-cpu,4,8,0,100000000
02-worker-cpu,4,8,1,100000000
02-worker-cpu,4,8,2,100000000
02-worker-cpu,4,8,3,100000000
02-worker-cpu,4,9,0,100000000
02-worker-cpu,4,9,1,100000000
02-worker-cpu,4,9,2,100000000
02-worker-cpu,4,9,3,100000000
02-worker-cpu,4,10,0,100000000
02-worker-cpu,4,10,1,100000000
02-worker-cpu,4,10,2,100000000
02-worker-cpu,4,10,3,100000000
02-worker-cpu,8,1,0,50000000
02-worker-cpu,8,1,1,50000000
02-worker-cpu,8,1,2,50000000
02-worker-cpu,8,1,3,50000000
02-worker-cpu,8,1,4,50000000
02-worker-cpu,8,1,5,50000000
02-worker-cpu,8,1,6,50000000
02-worker-cpu,8,1,7,50000000
02-worker-cpu,8,2,0,50000000
02-worker-cpu,8,2,1,50000000
02-worker-cpu,8,2,2,50000000
02-worker-cpu,8,2,3,50000000
02-worker-cpu,8,2,4,50000000
02-worker-cpu,8,2,5,50000000
02-worker-cpu,8,2,6,50000000
02-worker-cpu,8,2,7,50000000
02-worker-cpu,8,3,0,50000000
02-worker-cpu,8,3,1,50000000
02-worker-cpu,8,3,2,50000000
02-worker-cpu,8,3,3,50000000
02-worker-cpu,8,3,4,50000000
02-worker-cpu,8,3,5,50000000
02-worker-cpu,8,3,6,50000000
02-worker-cpu,8,3,7,50000000
02-worker-cpu,8,4,0,50000000
02-worker-cpu,8,4,1,50000000
02-worker-cpu,8,4,2,50000000
02-worker-cpu,8,4,3,50000000
02-worker-cpu,8,4,4,50000000
02-worker-cpu,8,4,5,50000000
02-worker-cpu,8,4,6,50000000
02-worker-cpu,8,4,7,50000000
02-worker-cpu,8,5,0,50000000
02-worker-cpu,8,5,1,50000000
02-worker-cpu,8,5,2,50000000
02-worker-cpu,8,5,3,50000000
02-worker-cpu,8,5,4,50000000
02-worker-cpu,8,5,5,50000000
02-worker-cpu,8,5,6,50000000
02-worker-cpu,8,5,7,50000000
02-worker-cpu,8,6,0,50000000
02-worker-cpu,8,6,1,50000000
02-worker-cpu,8,6,2,50000000
02-worker-cpu,8,6,3,50000000
02-worker-cpu,8,6,4,50000000
02-worker-cpu,8,6,5,50000000
02-worker-cpu,8,6,6,50000000
02-worker-cpu,8,6,7,50000000
02-worker-cpu,8,7,0,50000000
02-worker-cpu,8,7,1,50000000
02-worker-cpu,8,7,2,50000000
02-worker-cpu,8,7,3,50000000
02-worker-cpu,8,7,4,50000000
02-worker-cpu,8,7,5,50000000
02-worker-cpu,8,7,6,50000000
02-worker-cpu,8,7,7,50000000
02-worker-cpu,8,8,0,50000000
02-worker-cpu,8,8,1,50000000
02-worker-cpu,8,8,2,50000000
02-worker-cpu,8,8,3,50000000
02-worker-cpu,8,8,4,50000000
02-worker-cpu,8,8,5,50000000
02-worker-cpu,8,8,6,50000000
02-worker-cpu,8,8,7,50000000
02-worker-cpu,8,9,0,50000000
02-worker-cpu,8,9,1,50000000
02-worker-cpu,8,9,2,50000000
02-worker-cpu,8,9,3,50000000
02-worker-cpu,8,9,4,50000000
02-worker-cpu,8,9,5,50000000
02-worker-cpu,8,9,6,50000000
02-worker-cpu,8,9,7,50000000
02-worker-cpu,8,10,0,50000000
02-worker-cpu,8,10,1,50000000
02-worker-cpu,8,10,2,50000000
02-worker-cpu,8,10,3,50000000
02-worker-cpu,8,10,4,50000000
02-worker-cpu,8,10,5,50000000
02-worker-cpu,8,10,6,50000000
02-worker-cpu,8,10,7,50000000
02-worker-cpu,10,1,0,40000000
02-worker-cpu,10,1,1,40000000
02-worker-cpu,10,1,2,40000000
02-worker-cpu,10,1,3,40000000
02-worker-cpu,10,1,4,40000000
02-worker-cpu,10,1,5,40000000
02-worker-cpu,10,1,6,40000000
02-worker-cpu,10,1,7,40000000
02-worker-cpu,10,1,8,40000000
02-worker-cpu,10,1,9,40000000
02-worker-cpu,10,2,0,40000000
02-worker-cpu,10,2,1,40000000
02-worker-cpu,10,2,2,40000000
02-worker-cpu,10,2,3,40000000
02-worker-cpu,10,2,4,40000000
02-worker-cpu,10,2,5,40000000
02-worker-cpu,10,2,6,40000000
02-worker-cpu,10,2,7,40000000
02-worker-cpu,10,2,8,40000000
02-worker-cpu,10,2,9,40000000
02-worker-cpu,10,3,0,40000000
02-worker-cpu,10,3,1,40000000
02-worker-cpu,10,3,2,40000000
02-worker-cpu,10,3,3,40000000
02-worker-cpu,10,3,4,40000000
02-worker-cpu,10,3,5,40000000
02-worker-cpu,10,3,6,40000000
02-worker-cpu,10,3,7,40000000
02-worker-cpu,10,3,8,40000000
02-worker-cpu,10,3,9,40000000
02-worker-cpu,10,4,0,40000000
02-worker-cpu,10,4,1,40000000
02-worker-cpu,10,4,2,40000000
02-worker-cpu,10,4,3,40000000
02-worker-cpu,10,4,4,40000000
02-worker-cpu,10,4,5,40000000
02-worker-cpu,10,4,6,40000000
02-worker-cpu,10,4,7,40000000
02-worker-cpu,10,4,8,40000000
02-worker-cpu,10,4,9,40000000
02-worker-cpu,10,5,0,40000000
02-worker-cpu,10,5,1,40000000
02-worker-cpu,10,5,2,40000000
02-worker-cpu,10,5,3,40000000
02-worker-cpu,10,5,4,40000000
02-worker-cpu,10,5,5,40000000
02-worker-cpu,10,5,6,40000000
02-worker-cpu,10,5,7,40000000
02-worker-cpu,10,5,8,40000000
02-worker-cpu,10,5,9,40000000
02-worker-cpu,10,6,0,40000000
02-worker-cpu,10,6,1,40000000
02-worker-cpu,10,6,2,40000000
02-worker-cpu,10,6,3,40000000
02-worker-cpu,10,6,4,40000000
02-worker-cpu,10,6,5,40000000
02-worker-cpu,10,6,6,40000000
02-worker-cpu,10,6,7,40000000
02-worker-cpu,10,6,8,40000000
02-worker-cpu,10,6,9,40000000
02-worker-cpu,10,7,0,40000000
02-worker-cpu,10,7,1,40000000
02-worker-cpu,10,7,2,40000000
02-worker-cpu,10,7,3,40000000
02-worker-cpu,10,7,4,40000000
02-worker-cpu,10,7,5,40000000
02-worker-cpu,10,7,6,40000000
02-worker-cpu,10,7,7,40000000
02-worker-cpu,10,7,8,40000000
02-worker-cpu,10,7,9,40000000
02-worker-cpu,10,8,0,40000000
02-worker-cpu,10,8,1,40000000
02-worker-cpu,10,8,2,40000000
02-worker-cpu,10,8,3,40000000
02-worker-cpu,10,8,4,40000000
02-worker-cpu,10,8,5,40000000
02-worker-cpu,10,8,6,40000000
02-worker-cpu,10,8,7,40000000
02-worker-cpu,10,8,8,40000000
02-worker-cpu,10,8,9,40000000
02-worker-cpu,10,9,0,40000000
02-worker-cpu,10,9,1,40000000
02-worker-cpu,10,9,2,40000000
02-worker-cpu,10,9,3,40000000
02-worker-cpu,10,9,4,40000000
02-worker-cpu,10,9,5,40000000
02-worker-cpu,10,9,6,40000000
02-worker-cpu,10,9,7,40000000
02-worker-cpu,10,9,8,40000000
02-worker-cpu,10,9,9,40000000
02-worker-cpu,10,10,0,40000000
02-worker-cpu,10,10,1,40000000
02-worker-cpu,10,10,2,40000000
02-worker-cpu,10,10,3,40000000
02-worker-cpu,10,10,4,40000000
02-worker-cpu,10,10,5,40000000
02-worker-cpu,10,10,6,40000000
02-worker-cpu,10,10,7,40000000
02-worker-cpu,10,10,8,40000000
02-worker-cpu,10,10,9,40000000
02-worker-cpu,16,1,0,25000000
02-worker-cpu,16,1,1,25000000
02-worker-cpu,16,1,2,25000000
02-worker-cpu,16,1,3,25000000
02-worker-cpu,16,1,4,25000000
02-worker-cpu,16,1,5,25000000
02-worker-cpu,16,1,6,25000000
02-worker-cpu,16,1,7,25000000
02-worker-cpu,16,1,8,25000000
02-worker-cpu,16,1,9,25000000
02-worker-cpu,16,1,10,25000000
02-worker-cpu,16,1,11,25000000
02-worker-cpu,16,1,12,25000000
02-worker-cpu,16,1,13,25000000
02-worker-cpu,16,1,14,25000000
02-worker-cpu,16,1,15,25000000
02-worker-cpu,16,2,0,25000000
02-worker-cpu,16,2,1,25000000
02-worker-cpu,16,2,2,25000000
02-worker-cpu,16,2,3,25000000
02-worker-cpu,16,2,4,25000000
02-worker-cpu,16,2,5,25000000
02-worker-cpu,16,2,6,25000000
02-worker-cpu,16,2,7,25000000
02-worker-cpu,16,2,8,25000000
02-worker-cpu,16,2,9,25000000
02-worker-cpu,16,2,10,25000000
02-worker-cpu,16,2,11,25000000
02-worker-cpu,16,2,12,25000000
02-worker-cpu,16,2,13,25000000
02-worker-cpu,16,2,14,25000000
02-worker-cpu,16,2,15,25000000
02-worker-cpu,16,3,0,25000000
02-worker-cpu,16,3,1,25000000
02-worker-cpu,16,3,2,25000000
02-worker-cpu,16,3,3,25000000
02-worker-cpu,16,3,4,25000000
02-worker-cpu,16,3,5,25000000
02-worker-cpu,16,3,6,25000000
02-worker-cpu,16,3,7,25000000
02-worker-cpu,16,3,8,25000000
02-worker-cpu,16,3,9,25000000
02-worker-cpu,16,3,10,25000000
02-worker-cpu,16,3,11,25000000
02-worker-cpu,16,3,12,25000000
02-worker-cpu,16,3,13,25000000
02-worker-cpu,16,3,14,25000000
02-worker-cpu,16,3,15,25000000
02-worker-cpu,16,4,0,25000000
02-worker-cpu,16,4,1,25000000
02-worker-cpu,16,4,2,25000000
02-worker-cpu,16,4,3,25000000
02-worker-cpu,16,4,4,25000000
02-worker-cpu,16,4,5,25000000
02-worker-cpu,16,4,6,25000000
02-worker-cpu,16,4,7,25000000
02-worker-cpu,16,4,8,25000000
02-worker-cpu,16,4,9,25000000
02-worker-cpu,16,4,10,25000000
02-worker-cpu,16,4,11,25000000
02-worker-cpu,16,4,12,25000000
02-worker-cpu,16,4,13,25000000
02-worker-cpu,16,4,14,25000000
02-worker-cpu,16,4,15,25000000
02-worker-cpu,16,5,0,25000000
02-worker-cpu,16,5,1,25000000
02-worker-cpu,16,5,2,25000000
02-worker-cpu,16,5,3,25000000
02-worker-cpu,16,5,4,25000000
02-worker-cpu,16,5,5,25000000
02-worker-cpu,16,5,6,25000000
02-worker-cpu,16,5,7,25000000
02-worker-cpu,16,5,8,25000000
02-worker-cpu,16,5,9,25000000
02-worker-cpu,16,5,10,25000000
02-worker-cpu,16,5,11,25000000
02-worker-cpu,16,5,12,25000000
02-worker-cpu,16,5,13,25000000
02-worker-cpu,16,5,14,25000000
02-worker-cpu,16,5,15,25000000
02-worker-cpu,16,6,0,25000000
02-worker-cpu,16,6,1,25000000
02-worker-cpu,16,6,2,25000000
02-worker-cpu,16,6,3,25000000
02-worker-cpu,16,6,4,25000000
02-worker-cpu,16,6,5,25000000
02-worker-cpu,16,6,6,25000000
02-worker-cpu,16,6,7,25000000
02-worker-cpu,16,6,8,25000000
02-worker-cpu,16,6,9,25000000
02-worker-cpu,16,6,10,25000000
02-worker-cpu,16,6,11,25000000
02-worker-cpu,16,6,12,25000000
02-worker-cpu,16,6,13,25000000
02-worker-cpu,16,6,14,25000000
02-worker-cpu,16,6,15,25000000
02-worker-cpu,16,7,0,25000000
02-worker-cpu,16,7,1,25000000
02-worker-cpu,16,7,2,25000000
02-worker-cpu,16,7,3,25000000
02-worker-cpu,16,7,4,25000000
02-worker-cpu,16,7,5,25000000
02-worker-cpu,16,7,6,25000000
02-worker-cpu,16,7,7,25000000
02-worker-cpu,16,7,8,25000000
02-worker-cpu,16,7,9,25000000
02-worker-cpu,16,7,10,25000000
02-worker-cpu,16,7,11,25000000
02-worker-cpu,16,7,12,25000000
02-worker-cpu,16,7,13,25000000
02-worker-cpu,16,7,14,25000000
02-worker-cpu,16,7,15,25000000
02-worker-cpu,16,8,0,25000000
02-worker-cpu,16,8,1,25000000
02-worker-cpu,16,8,2,25000000
02-worker-cpu,16,8,3,25000000
02-worker-cpu,16,8,4,25000000
02-worker-cpu,16,8,5,25000000
02-worker-cpu,16,8,6,25000000
02-worker-cpu,16,8,7,25000000
02-worker-cpu,16,8,8,25000000
02-worker-cpu,16,8,9,25000000
02-worker-cpu,16,8,10,25000000
02-worker-cpu,16,8,11,25000000
02-worker-cpu,16,8,12,25000000
02-worker-cpu,16,8,13,25000000
02-worker-cpu,16,8,14,25000000
02-worker-cpu,16,8,15,25000000
02-worker-cpu,16,9,0,25000000
02-worker-cpu,16,9,1,25000000
02-worker-cpu,16,9,2,25000000
02-worker-cpu,16,9,3,25000000
02-worker-cpu,16,9,4,25000000
02-worker-cpu,16,9,5,25000000
02-worker-cpu,16,9,6,25000000
02-worker-cpu,16,9,7,25000000
02-worker-cpu,16,9,8,25000000
02-worker-cpu,16,9,9,25000000
02-worker-cpu,16,9,10,25000000
02-worker-cpu,16,9,11,25000000
02-worker-cpu,16,9,12,25000000
02-worker-cpu,16,9,13,25000000
02-worker-cpu,16,9,14,25000000
02-worker-cpu,16,9,15,25000000
02-worker-cpu,16,10,0,25000000
02-worker-cpu,16,10,1,25000000
02-worker-cpu,16,10,2,25000000
02-worker-cpu,16,10,3,25000000
02-worker-cpu,16,10,4,25000000
02-worker-cpu,16,10,5,25000000
02-worker-cpu,16,10,6,25000000
02-worker-cpu,16,10,7,25000000
02-worker-cpu,16,10,8,25000000
02-worker-cpu,16,10,9,25000000
02-worker-cpu,16,10,10,25000000
02-worker-cpu,16,10,11,25000000
02-worker-cpu,16,10,12,25000000
02-worker-cpu,16,10,13,25000000
02-worker-cpu,16,10,14,25000000
02-worker-cpu,16,10,15,25000000
02-worker-cpu,20,1,0,20000000
02-worker-cpu,20,1,1,20000000
02-worker-cpu,20,1,2,20000000
02-worker-cpu,20,1,3,20000000
02-worker-cpu,20,1,4,20000000
02-worker-cpu,20,1,5,20000000
02-worker-cpu,20,1,6,20000000
02-worker-cpu,20,1,7,20000000
02-worker-cpu,20,1,8,20000000
02-worker-cpu,20,1,9,20000000
02-worker-cpu,20,1,10,20000000
02-worker-cpu,20,1,11,20000000
02-worker-cpu,20,1,12,20000000
02-worker-cpu,20,1,13,20000000
02-worker-cpu,20,1,14,20000000
02-worker-cpu,20,1,15,20000000
02-worker-cpu,20,1,16,20000000
02-worker-cpu,20,1,17,20000000
02-worker-cpu,20,1,18,20000000
02-worker-cpu,20,1,19,20000000
02-worker-cpu,20,2,0,20000000
02-worker-cpu,20,2,1,20000000
02-worker-cpu,20,2,2,20000000
02-worker-cpu,20,2,3,20000000
02-worker-cpu,20,2,4,20000000
02-worker-cpu,20,2,5,20000000
02-worker-cpu,20,2,6,20000000
02-worker-cpu,20,2,7,20000000
02-worker-cpu,20,2,8,20000000
02-worker-cpu,20,2,9,20000000
02-worker-cpu,20,2,10,20000000
02-worker-cpu,20,2,11,20000000
02-worker-cpu,20,2,12,20000000
02-worker-cpu,20,2,13,20000000
02-worker-cpu,20,2,14,20000000
02-worker-cpu,20,2,15,20000000
02-worker-cpu,20,2,16,20000000
02-worker-cpu,20,2,17,20000000
02-worker-cpu,20,2,18,20000000
02-worker-cpu,20,2,19,20000000
02-worker-cpu,20,3,0,20000000
02-worker-cpu,20,3,1,20000000
02-worker-cpu,20,3,2,20000000
02-worker-cpu,20,3,3,20000000
02-worker-cpu,20,3,4,20000000
02-worker-cpu,20,3,5,20000000
02-worker-cpu,20,3,6,20000000
02-worker-cpu,20,3,7,20000000
02-worker-cpu,20,3,8,20000000
02-worker-cpu,20,3,9,20000000
02-worker-cpu,20,3,10,20000000
02-worker-cpu,20,3,11,20000000
02-worker-cpu,20,3,12,20000000
02-worker-cpu,20,3,13,20000000
02-worker-cpu,20,3,14,20000000
02-worker-cpu,20,3,15,20000000
02-worker-cpu,20,3,16,20000000
02-worker-cpu,20,3,17,20000000
02-worker-cpu,20,3,18,20000000
02-worker-cpu,20,3,19,20000000
02-worker-cpu,20,4,0,20000000
02-worker-cpu,20,4,1,20000000
02-worker-cpu,20,4,2,20000000
02-worker-cpu,20,4,3,20000000
02-worker-cpu,20,4,4,20000000
02-worker-cpu,20,4,5,20000000
02-worker-cpu,20,4,6,20000000
02-worker-cpu,20,4,7,20000000
02-worker-cpu,20,4,8,20000000
02-worker-cpu,20,4,9,20000000
02-worker-cpu,20,4,10,20000000
02-worker-cpu,20,4,11,20000000
02-worker-cpu,20,4,12,20000000
02-worker-cpu,20,4,13,20000000
02-worker-cpu,20,4,14,20000000
02-worker-cpu,20,4,15,20000000
02-worker-cpu,20,4,16,20000000
02-worker-cpu,20,4,17,20000000
02-worker-cpu,20,4,18,20000000
02-worker-cpu,20,4,19,20000000
02-worker-cpu,20,5,0,20000000
02-worker-cpu,20,5,1,20000000
02-worker-cpu,20,5,2,20000000
02-worker-cpu,20,5,3,20000000
02-worker-cpu,20,5,4,20000000
02-worker-cpu,20,5,5,20000000
02-worker-cpu,20,5,6,20000000
02-worker-cpu,20,5,7,20000000
02-worker-cpu,20,5,8,20000000
02-worker-cpu,20,5,9,20000000
02-worker-cpu,20,5,10,20000000
02-worker-cpu,20,5,11,20000000
02-worker-cpu,20,5,12,20000000
02-worker-cpu,20,5,13,20000000
02-worker-cpu,20,5,14,20000000
02-worker-cpu,20,5,15,20000000
02-worker-cpu,20,5,16,20000000
02-worker-cpu,20,5,17,20000000
02-worker-cpu,20,5,18,20000000
02-worker-cpu,20,5,19,20000000
02-worker-cpu,20,6,0,20000000
02-worker-cpu,20,6,1,20000000
02-worker-cpu,20,6,2,20000000
02-worker-cpu,20,6,3,20000000
02-worker-cpu,20,6,4,20000000
02-worker-cpu,20,6,5,20000000
02-worker-cpu,20,6,6,20000000
02-worker-cpu,20,6,7,20000000
02-worker-cpu,20,6,8,20000000
02-worker-cpu,20,6,9,20000000
02-worker-cpu,20,6,10,20000000
02-worker-cpu,20,6,11,20000000
02-worker-cpu,20,6,12,20000000
02-worker-cpu,20,6,13,20000000
02-worker-cpu,20,6,14,20000000
02-worker-cpu,20,6,15,20000000
02-worker-cpu,20,6,16,20000000
02-worker-cpu,20,6,17,20000000
02-worker-cpu,20,6,18,20000000
02-worker-cpu,20,6,19,20000000
02-worker-cpu,20,7,0,20000000
02-worker-cpu,20,7,1,20000000
02-worker-cpu,20,7,2,20000000
02-worker-cpu,20,7,3,20000000
02-worker-cpu,20,7,4,20000000
02-worker-cpu,20,7,5,20000000
02-worker-cpu,20,7,6,20000000
02-worker-cpu,20,7,7,20000000
02-worker-cpu,20,7,8,20000000
02-worker-cpu,20,7,9,20000000
02-worker-cpu,20,7,10,20000000
02-worker-cpu,20,7,11,20000000
02-worker-cpu,20,7,12,20000000
02-worker-cpu,20,7,13,20000000
02-worker-cpu,20,7,14,20000000
02-worker-cpu,20,7,15,20000000
02-worker-cpu,20,7,16,20000000
02-worker-cpu,20,7,17,20000000
02-worker-cpu,20,7,18,20000000
02-worker-cpu,20,7,19,20000000
02-worker-cpu,20,8,0,20000000
02-worker-cpu,20,8,1,20000000
02-worker-cpu,20,8,2,20000000
02-worker-cpu,20,8,3,20000000
02-worker-cpu,20,8,4,20000000
02-worker-cpu,20,8,5,20000000
02-worker-cpu,20,8,6,20000000
02-worker-cpu,20,8,7,20000000
02-worker-cpu,20,8,8,20000000
02-worker-cpu,20,8,9,20000000
02-worker-cpu,20,8,10,20000000
02-worker-cpu,20,8,11,20000000
02-worker-cpu,20,8,12,20000000
02-worker-cpu,20,8,13,20000000
02-worker-cpu,20,8,14,20000000
02-worker-cpu,20,8,15,20000000
02-worker-cpu,20,8,16,20000000
02-worker-cpu,20,8,17,20000000
02-worker-cpu,20,8,18,20000000
02-worker-cpu,20,8,19,20000000
02-worker-cpu,20,9,0,20000000
02-worker-cpu,20,9,1,20000000
02-worker-cpu,20,9,2,20000000
02-worker-cpu,20,9,3,20000000
02-worker-cpu,20,9,4,20000000
02-worker-cpu,20,9,5,20000000
02-worker-cpu,20,9,6,20000000
02-worker-cpu,20,9,7,20000000
02-worker-cpu,20,9,8,20000000
02-worker-cpu,20,9,9,20000000
02-worker-cpu,20,9,10,20000000
02-worker-cpu,20,9,11,20000000
02-worker-cpu,20,9,12,20000000
02-worker-cpu,20,9,13,20000000
02-worker-cpu,20,9,14,20000000
02-worker-cpu,20,9,15,20000000
02-worker-cpu,20,9,16,20000000
02-worker-cpu,20,9,17,20000000
02-worker-cpu,20,9,18,20000000
02-worker-cpu,20,9,19,20000000
02-worker-cpu,20,10,0,20000000
02-worker-cpu,20,10,1,20000000
02-worker-cpu,20,10,2,20000000
02-worker-cpu,20,10,3,20000000
02-worker-cpu,20,10,4,20000000
02-worker-cpu,20,10,5,20000000
02-worker-cpu,20,10,6,20000000
02-worker-cpu,20,10,7,20000000
02-worker-cpu,20,10,8,20000000
02-worker-cpu,20,10,9,20000000
02-worker-cpu,20,10,10,20000000
02-worker-cpu,20,10,11,20000000
02-worker-cpu,20,10,12,20000000
02-worker-cpu,20,10,13,20000000
02-worker-cpu,20,10,14,20000000
02-worker-cpu,20,10,15,20000000
02-worker-cpu,20,10,16,20000000
02-worker-cpu,20,10,17,20000000
02-worker-cpu,20,10,18,20000000
02-worker-cpu,20,10,19,20000000
03-worker-sab-corrida,1,1,0,16000000
03-worker-sab-corrida,1,2,0,16000000
03-worker-sab-corrida,1,3,0,16000000
03-worker-sab-corrida,1,4,0,16000000
03-worker-sab-corrida,1,5,0,16000000
03-worker-sab-corrida,1,6,0,16000000
03-worker-sab-corrida,1,7,0,16000000
03-worker-sab-corrida,1,8,0,16000000
03-worker-sab-corrida,1,9,0,16000000
03-worker-sab-corrida,1,10,0,16000000
03-worker-sab-corrida,2,1,0,8000000
03-worker-sab-corrida,2,1,1,8000000
03-worker-sab-corrida,2,2,0,8000000
03-worker-sab-corrida,2,2,1,8000000
03-worker-sab-corrida,2,3,0,8000000
03-worker-sab-corrida,2,3,1,8000000
03-worker-sab-corrida,2,4,0,8000000
03-worker-sab-corrida,2,4,1,8000000
03-worker-sab-corrida,2,5,0,8000000
03-worker-sab-corrida,2,5,1,8000000
03-worker-sab-corrida,2,6,0,8000000
03-worker-sab-corrida,2,6,1,8000000
03-worker-sab-corrida,2,7,0,8000000
03-worker-sab-corrida,2,7,1,8000000
03-worker-sab-corrida,2,8,0,8000000
03-worker-sab-corrida,2,8,1,8000000
03-worker-sab-corrida,2,9,0,8000000
03-worker-sab-corrida,2,9,1,8000000
03-worker-sab-corrida,2,10,0,8000000
03-worker-sab-corrida,2,10,1,8000000
03-worker-sab-corrida,4,1,0,4000000
03-worker-sab-corrida,4,1,1,4000000
03-worker-sab-corrida,4,1,2,4000000
03-worker-sab-corrida,4,1,3,4000000
03-worker-sab-corrida,4,2,0,4000000
03-worker-sab-corrida,4,2,1,4000000
03-worker-sab-corrida,4,2,2,4000000
03-worker-sab-corrida,4,2,3,4000000
03-worker-sab-corrida,4,3,0,4000000
03-worker-sab-corrida,4,3,1,4000000
03-worker-sab-corrida,4,3,2,4000000
03-worker-sab-corrida,4,3,3,4000000
03-worker-sab-corrida,4,4,0,4000000
03-worker-sab-corrida,4,4,1,4000000
03-worker-sab-corrida,4,4,2,4000000
03-worker-sab-corrida,4,4,3,4000000
03-worker-sab-corrida,4,5,0,4000000
03-worker-sab-corrida,4,5,1,4000000
03-worker-sab-corrida,4,5,2,4000000
03-worker-sab-corrida,4,5,3,4000000
03-worker-sab-corrida,4,6,0,4000000
03-worker-sab-corrida,4,6,1,4000000
03-worker-sab-corrida,4,6,2,4000000
03-worker-sab-corrida,4,6,3,4000000
03-worker-sab-corrida,4,7,0,4000000
03-worker-sab-corrida,4,7,1,4000000
03-worker-sab-corrida,4,7,2,4000000
03-worker-sab-corrida,4,7,3,4000000
03-worker-sab-corrida,4,8,0,4000000
03-worker-sab-corrida,4,8,1,4000000
03-worker-sab-corrida,4,8,2,4000000
03-worker-sab-corrida,4,8,3,4000000
03-worker-sab-corrida,4,9,0,4000000
03-worker-sab-corrida,4,9,1,4000000
03-worker-sab-corrida,4,9,2,4000000
03-worker-sab-corrida,4,9,3,4000000
03-worker-sab-corrida,4,10,0,4000000
03-worker-sab-corrida,4,10,1,4000000
03-worker-sab-corrida,4,10,2,4000000
03-worker-sab-corrida,4,10,3,4000000
03-worker-sab-corrida,8,1,0,2000000
03-worker-sab-corrida,8,1,1,2000000
03-worker-sab-corrida,8,1,2,2000000
03-worker-sab-corrida,8,1,3,2000000
03-worker-sab-corrida,8,1,4,2000000
03-worker-sab-corrida,8,1,5,2000000
03-worker-sab-corrida,8,1,6,2000000
03-worker-sab-corrida,8,1,7,2000000
03-worker-sab-corrida,8,2,0,2000000
03-worker-sab-corrida,8,2,1,2000000
03-worker-sab-corrida,8,2,2,2000000
03-worker-sab-corrida,8,2,3,2000000
03-worker-sab-corrida,8,2,4,2000000
03-worker-sab-corrida,8,2,5,2000000
03-worker-sab-corrida,8,2,6,2000000
03-worker-sab-corrida,8,2,7,2000000
03-worker-sab-corrida,8,3,0,2000000
03-worker-sab-corrida,8,3,1,2000000
03-worker-sab-corrida,8,3,2,2000000
03-worker-sab-corrida,8,3,3,2000000
03-worker-sab-corrida,8,3,4,2000000
03-worker-sab-corrida,8,3,5,2000000
03-worker-sab-corrida,8,3,6,2000000
03-worker-sab-corrida,8,3,7,2000000
03-worker-sab-corrida,8,4,0,2000000
03-worker-sab-corrida,8,4,1,2000000
03-worker-sab-corrida,8,4,2,2000000
03-worker-sab-corrida,8,4,3,2000000
03-worker-sab-corrida,8,4,4,2000000
03-worker-sab-corrida,8,4,5,2000000
03-worker-sab-corrida,8,4,6,2000000
03-worker-sab-corrida,8,4,7,2000000
03-worker-sab-corrida,8,5,0,2000000
03-worker-sab-corrida,8,5,1,2000000
03-worker-sab-corrida,8,5,2,2000000
03-worker-sab-corrida,8,5,3,2000000
03-worker-sab-corrida,8,5,4,2000000
03-worker-sab-corrida,8,5,5,2000000
03-worker-sab-corrida,8,5,6,2000000
03-worker-sab-corrida,8,5,7,2000000
03-worker-sab-corrida,8,6,0,2000000
03-worker-sab-corrida,8,6,1,2000000
03-worker-sab-corrida,8,6,2,2000000
03-worker-sab-corrida,8,6,3,2000000
03-worker-sab-corrida,8,6,4,2000000
03-worker-sab-corrida,8,6,5,2000000
03-worker-sab-corrida,8,6,6,2000000
03-worker-sab-corrida,8,6,7,2000000
03-worker-sab-corrida,8,7,0,2000000
03-worker-sab-corrida,8,7,1,2000000
03-worker-sab-corrida,8,7,2,2000000
03-worker-sab-corrida,8,7,3,2000000
03-worker-sab-corrida,8,7,4,2000000
03-worker-sab-corrida,8,7,5,2000000
03-worker-sab-corrida,8,7,6,2000000
03-worker-sab-corrida,8,7,7,2000000
03-worker-sab-corrida,8,8,0,2000000
03-worker-sab-corrida,8,8,1,2000000
03-worker-sab-corrida,8,8,2,2000000
03-worker-sab-corrida,8,8,3,2000000
03-worker-sab-corrida,8,8,4,2000000
03-worker-sab-corrida,8,8,5,2000000
03-worker-sab-corrida,8,8,6,2000000
03-worker-sab-corrida,8,8,7,2000000
03-worker-sab-corrida,8,9,0,2000000
03-worker-sab-corrida,8,9,1,2000000
03-worker-sab-corrida,8,9,2,2000000
03-worker-sab-corrida,8,9,3,2000000
03-worker-sab-corrida,8,9,4,2000000
03-worker-sab-corrida,8,9,5,2000000
03-worker-sab-corrida,8,9,6,2000000
03-worker-sab-corrida,8,9,7,2000000
03-worker-sab-corrida,8,10,0,2000000
03-worker-sab-corrida,8,10,1,2000000
03-worker-sab-corrida,8,10,2,2000000
03-worker-sab-corrida,8,10,3,2000000
03-worker-sab-corrida,8,10,4,2000000
03-worker-sab-corrida,8,10,5,2000000
03-worker-sab-corrida,8,10,6,2000000
03-worker-sab-corrida,8,10,7,2000000
03-worker-sab-corrida,10,1,0,1600000
03-worker-sab-corrida,10,1,1,1600000
03-worker-sab-corrida,10,1,2,1600000
03-worker-sab-corrida,10,1,3,1600000
03-worker-sab-corrida,10,1,4,1600000
03-worker-sab-corrida,10,1,5,1600000
03-worker-sab-corrida,10,1,6,1600000
03-worker-sab-corrida,10,1,7,1600000
03-worker-sab-corrida,10,1,8,1600000
03-worker-sab-corrida,10,1,9,1600000
03-worker-sab-corrida,10,2,0,1600000
03-worker-sab-corrida,10,2,1,1600000
03-worker-sab-corrida,10,2,2,1600000
03-worker-sab-corrida,10,2,3,1600000
03-worker-sab-corrida,10,2,4,1600000
03-worker-sab-corrida,10,2,5,1600000
03-worker-sab-corrida,10,2,6,1600000
03-worker-sab-corrida,10,2,7,1600000
03-worker-sab-corrida,10,2,8,1600000
03-worker-sab-corrida,10,2,9,1600000
03-worker-sab-corrida,10,3,0,1600000
03-worker-sab-corrida,10,3,1,1600000
03-worker-sab-corrida,10,3,2,1600000
03-worker-sab-corrida,10,3,3,1600000
03-worker-sab-corrida,10,3,4,1600000
03-worker-sab-corrida,10,3,5,1600000
03-worker-sab-corrida,10,3,6,1600000
03-worker-sab-corrida,10,3,7,1600000
03-worker-sab-corrida,10,3,8,1600000
03-worker-sab-corrida,10,3,9,1600000
03-worker-sab-corrida,10,4,0,1600000
03-worker-sab-corrida,10,4,1,1600000
03-worker-sab-corrida,10,4,2,1600000
03-worker-sab-corrida,10,4,3,1600000
03-worker-sab-corrida,10,4,4,1600000
03-worker-sab-corrida,10,4,5,1600000
03-worker-sab-corrida,10,4,6,1600000
03-worker-sab-corrida,10,4,7,1600000
03-worker-sab-corrida,10,4,8,1600000
03-worker-sab-corrida,10,4,9,1600000
03-worker-sab-corrida,10,5,0,1600000
03-worker-sab-corrida,10,5,1,1600000
03-worker-sab-corrida,10,5,2,1600000
03-worker-sab-corrida,10,5,3,1600000
03-worker-sab-corrida,10,5,4,1600000
03-worker-sab-corrida,10,5,5,1600000
03-worker-sab-corrida,10,5,6,1600000
03-worker-sab-corrida,10,5,7,1600000
03-worker-sab-corrida,10,5,8,1600000
03-worker-sab-corrida,10,5,9,1600000
03-worker-sab-corrida,10,6,0,1600000
03-worker-sab-corrida,10,6,1,1600000
03-worker-sab-corrida,10,6,2,1600000
03-worker-sab-corrida,10,6,3,1600000
03-worker-sab-corrida,10,6,4,1600000
03-worker-sab-corrida,10,6,5,1600000
03-worker-sab-corrida,10,6,6,1600000
03-worker-sab-corrida,10,6,7,1600000
03-worker-sab-corrida,10,6,8,1600000
03-worker-sab-corrida,10,6,9,1600000
03-worker-sab-corrida,10,7,0,1600000
03-worker-sab-corrida,10,7,1,1600000
03-worker-sab-corrida,10,7,2,1600000
03-worker-sab-corrida,10,7,3,1600000
03-worker-sab-corrida,10,7,4,1600000
03-worker-sab-corrida,10,7,5,1600000
03-worker-sab-corrida,10,7,6,1600000
03-worker-sab-corrida,10,7,7,1600000
03-worker-sab-corrida,10,7,8,1600000
03-worker-sab-corrida,10,7,9,1600000
03-worker-sab-corrida,10,8,0,1600000
03-worker-sab-corrida,10,8,1,1600000
03-worker-sab-corrida,10,8,2,1600000
03-worker-sab-corrida,10,8,3,1600000
03-worker-sab-corrida,10,8,4,1600000
03-worker-sab-corrida,10,8,5,1600000
03-worker-sab-corrida,10,8,6,1600000
03-worker-sab-corrida,10,8,7,1600000
03-worker-sab-corrida,10,8,8,1600000
03-worker-sab-corrida,10,8,9,1600000
03-worker-sab-corrida,10,9,0,1600000
03-worker-sab-corrida,10,9,1,1600000
03-worker-sab-corrida,10,9,2,1600000
03-worker-sab-corrida,10,9,3,1600000
03-worker-sab-corrida,10,9,4,1600000
03-worker-sab-corrida,10,9,5,1600000
03-worker-sab-corrida,10,9,6,1600000
03-worker-sab-corrida,10,9,7,1600000
03-worker-sab-corrida,10,9,8,1600000
03-worker-sab-corrida,10,9,9,1600000
03-worker-sab-corrida,10,10,0,1600000
03-worker-sab-corrida,10,10,1,1600000
03-worker-sab-corrida,10,10,2,1600000
03-worker-sab-corrida,10,10,3,1600000
03-worker-sab-corrida,10,10,4,1600000
03-worker-sab-corrida,10,10,5,1600000
03-worker-sab-corrida,10,10,6,1600000
03-worker-sab-corrida,10,10,7,1600000
03-worker-sab-corrida,10,10,8,1600000
03-worker-sab-corrida,10,10,9,1600000
03-worker-sab-corrida,16,1,0,1000000
03-worker-sab-corrida,16,1,1,1000000
03-worker-sab-corrida,16,1,2,1000000
03-worker-sab-corrida,16,1,3,1000000
03-worker-sab-corrida,16,1,4,1000000
03-worker-sab-corrida,16,1,5,1000000
03-worker-sab-corrida,16,1,6,1000000
03-worker-sab-corrida,16,1,7,1000000
03-worker-sab-corrida,16,1,8,1000000
03-worker-sab-corrida,16,1,9,1000000
03-worker-sab-corrida,16,1,10,1000000
03-worker-sab-corrida,16,1,11,1000000
03-worker-sab-corrida,16,1,12,1000000
03-worker-sab-corrida,16,1,13,1000000
03-worker-sab-corrida,16,1,14,1000000
03-worker-sab-corrida,16,1,15,1000000
03-worker-sab-corrida,16,2,0,1000000
03-worker-sab-corrida,16,2,1,1000000
03-worker-sab-corrida,16,2,2,1000000
03-worker-sab-corrida,16,2,3,1000000
03-worker-sab-corrida,16,2,4,1000000
03-worker-sab-corrida,16,2,5,1000000
03-worker-sab-corrida,16,2,6,1000000
03-worker-sab-corrida,16,2,7,1000000
03-worker-sab-corrida,16,2,8,1000000
03-worker-sab-corrida,16,2,9,1000000
03-worker-sab-corrida,16,2,10,1000000
03-worker-sab-corrida,16,2,11,1000000
03-worker-sab-corrida,16,2,12,1000000
03-worker-sab-corrida,16,2,13,1000000
03-worker-sab-corrida,16,2,14,1000000
03-worker-sab-corrida,16,2,15,1000000
03-worker-sab-corrida,16,3,0,1000000
03-worker-sab-corrida,16,3,1,1000000
03-worker-sab-corrida,16,3,2,1000000
03-worker-sab-corrida,16,3,3,1000000
03-worker-sab-corrida,16,3,4,1000000
03-worker-sab-corrida,16,3,5,1000000
03-worker-sab-corrida,16,3,6,1000000
03-worker-sab-corrida,16,3,7,1000000
03-worker-sab-corrida,16,3,8,1000000
03-worker-sab-corrida,16,3,9,1000000
03-worker-sab-corrida,16,3,10,1000000
03-worker-sab-corrida,16,3,11,1000000
03-worker-sab-corrida,16,3,12,1000000
03-worker-sab-corrida,16,3,13,1000000
03-worker-sab-corrida,16,3,14,1000000
03-worker-sab-corrida,16,3,15,1000000
03-worker-sab-corrida,16,4,0,1000000
03-worker-sab-corrida,16,4,1,1000000
03-worker-sab-corrida,16,4,2,1000000
03-worker-sab-corrida,16,4,3,1000000
03-worker-sab-corrida,16,4,4,1000000
03-worker-sab-corrida,16,4,5,1000000
03-worker-sab-corrida,16,4,6,1000000
03-worker-sab-corrida,16,4,7,1000000
03-worker-sab-corrida,16,4,8,1000000
03-worker-sab-corrida,16,4,9,1000000
03-worker-sab-corrida,16,4,10,1000000
03-worker-sab-corrida,16,4,11,1000000
03-worker-sab-corrida,16,4,12,1000000
03-worker-sab-corrida,16,4,13,1000000
03-worker-sab-corrida,16,4,14,1000000
03-worker-sab-corrida,16,4,15,1000000
03-worker-sab-corrida,16,5,0,1000000
03-worker-sab-corrida,16,5,1,1000000
03-worker-sab-corrida,16,5,2,1000000
03-worker-sab-corrida,16,5,3,1000000
03-worker-sab-corrida,16,5,4,1000000
03-worker-sab-corrida,16,5,5,1000000
03-worker-sab-corrida,16,5,6,1000000
03-worker-sab-corrida,16,5,7,1000000
03-worker-sab-corrida,16,5,8,1000000
03-worker-sab-corrida,16,5,9,1000000
03-worker-sab-corrida,16,5,10,1000000
03-worker-sab-corrida,16,5,11,1000000
03-worker-sab-corrida,16,5,12,1000000
03-worker-sab-corrida,16,5,13,1000000
03-worker-sab-corrida,16,5,14,1000000
03-worker-sab-corrida,16,5,15,1000000
03-worker-sab-corrida,16,6,0,1000000
03-worker-sab-corrida,16,6,1,1000000
03-worker-sab-corrida,16,6,2,1000000
03-worker-sab-corrida,16,6,3,1000000
03-worker-sab-corrida,16,6,4,1000000
03-worker-sab-corrida,16,6,5,1000000
03-worker-sab-corrida,16,6,6,1000000
03-worker-sab-corrida,16,6,7,1000000
03-worker-sab-corrida,16,6,8,1000000
03-worker-sab-corrida,16,6,9,1000000
03-worker-sab-corrida,16,6,10,1000000
03-worker-sab-corrida,16,6,11,1000000
03-worker-sab-corrida,16,6,12,1000000
03-worker-sab-corrida,16,6,13,1000000
03-worker-sab-corrida,16,6,14,1000000
03-worker-sab-corrida,16,6,15,1000000
03-worker-sab-corrida,16,7,0,1000000
03-worker-sab-corrida,16,7,1,1000000
03-worker-sab-corrida,16,7,2,1000000
03-worker-sab-corrida,16,7,3,1000000
03-worker-sab-corrida,16,7,4,1000000
03-worker-sab-corrida,16,7,5,1000000
03-worker-sab-corrida,16,7,6,1000000
03-worker-sab-corrida,16,7,7,1000000
03-worker-sab-corrida,16,7,8,1000000
03-worker-sab-corrida,16,7,9,1000000
03-worker-sab-corrida,16,7,10,1000000
03-worker-sab-corrida,16,7,11,1000000
03-worker-sab-corrida,16,7,12,1000000
03-worker-sab-corrida,16,7,13,1000000
03-worker-sab-corrida,16,7,14,1000000
03-worker-sab-corrida,16,7,15,1000000
03-worker-sab-corrida,16,8,0,1000000
03-worker-sab-corrida,16,8,1,1000000
03-worker-sab-corrida,16,8,2,1000000
03-worker-sab-corrida,16,8,3,1000000
03-worker-sab-corrida,16,8,4,1000000
03-worker-sab-corrida,16,8,5,1000000
03-worker-sab-corrida,16,8,6,1000000
03-worker-sab-corrida,16,8,7,1000000
03-worker-sab-corrida,16,8,8,1000000
03-worker-sab-corrida,16,8,9,1000000
03-worker-sab-corrida,16,8,10,1000000
03-worker-sab-corrida,16,8,11,1000000
03-worker-sab-corrida,16,8,12,1000000
03-worker-sab-corrida,16,8,13,1000000
03-worker-sab-corrida,16,8,14,1000000
03-worker-sab-corrida,16,8,15,1000000
03-worker-sab-corrida,16,9,0,1000000
03-worker-sab-corrida,16,9,1,1000000
03-worker-sab-corrida,16,9,2,1000000
03-worker-sab-corrida,16,9,3,1000000
03-worker-sab-corrida,16,9,4,1000000
03-worker-sab-corrida,16,9,5,1000000
03-worker-sab-corrida,16,9,6,1000000
03-worker-sab-corrida,16,9,7,1000000
03-worker-sab-corrida,16,9,8,1000000
03-worker-sab-corrida,16,9,9,1000000
03-worker-sab-corrida,16,9,10,1000000
03-worker-sab-corrida,16,9,11,1000000
03-worker-sab-corrida,16,9,12,1000000
03-worker-sab-corrida,16,9,13,1000000
03-worker-sab-corrida,16,9,14,1000000
03-worker-sab-corrida,16,9,15,1000000
03-worker-sab-corrida,16,10,0,1000000
03-worker-sab-corrida,16,10,1,1000000
03-worker-sab-corrida,16,10,2,1000000
03-worker-sab-corrida,16,10,3,1000000
03-worker-sab-corrida,16,10,4,1000000
03-worker-sab-corrida,16,10,5,1000000
03-worker-sab-corrida,16,10,6,1000000
03-worker-sab-corrida,16,10,7,1000000
03-worker-sab-corrida,16,10,8,1000000
03-worker-sab-corrida,16,10,9,1000000
03-worker-sab-corrida,16,10,10,1000000
03-worker-sab-corrida,16,10,11,1000000
03-worker-sab-corrida,16,10,12,1000000
03-worker-sab-corrida,16,10,13,1000000
03-worker-sab-corrida,16,10,14,1000000
03-worker-sab-corrida,16,10,15,1000000
03-worker-sab-corrida,20,1,0,800000
03-worker-sab-corrida,20,1,1,800000
03-worker-sab-corrida,20,1,2,800000
03-worker-sab-corrida,20,1,3,800000
03-worker-sab-corrida,20,1,4,800000
03-worker-sab-corrida,20,1,5,800000
03-worker-sab-corrida,20,1,6,800000
03-worker-sab-corrida,20,1,7,800000
03-worker-sab-corrida,20,1,8,800000
03-worker-sab-corrida,20,1,9,800000
03-worker-sab-corrida,20,1,10,800000
03-worker-sab-corrida,20,1,11,800000
03-worker-sab-corrida,20,1,12,800000
03-worker-sab-corrida,20,1,13,800000
03-worker-sab-corrida,20,1,14,800000
03-worker-sab-corrida,20,1,15,800000
03-worker-sab-corrida,20,1,16,800000
03-worker-sab-corrida,20,1,17,800000
03-worker-sab-corrida,20,1,18,800000
03-worker-sab-corrida,20,1,19,800000
03-worker-sab-corrida,20,2,0,800000
03-worker-sab-corrida,20,2,1,800000
03-worker-sab-corrida,20,2,2,800000
03-worker-sab-corrida,20,2,3,800000
03-worker-sab-corrida,20,2,4,800000
03-worker-sab-corrida,20,2,5,800000
03-worker-sab-corrida,20,2,6,800000
03-worker-sab-corrida,20,2,7,800000
03-worker-sab-corrida,20,2,8,800000
03-worker-sab-corrida,20,2,9,800000
03-worker-sab-corrida,20,2,10,800000
03-worker-sab-corrida,20,2,11,800000
03-worker-sab-corrida,20,2,12,800000
03-worker-sab-corrida,20,2,13,800000
03-worker-sab-corrida,20,2,14,800000
03-worker-sab-corrida,20,2,15,800000
03-worker-sab-corrida,20,2,16,800000
03-worker-sab-corrida,20,2,17,800000
03-worker-sab-corrida,20,2,18,800000
03-worker-sab-corrida,20,2,19,800000
03-worker-sab-corrida,20,3,0,800000
03-worker-sab-corrida,20,3,1,800000
03-worker-sab-corrida,20,3,2,800000
03-worker-sab-corrida,20,3,3,800000
03-worker-sab-corrida,20,3,4,800000
03-worker-sab-corrida,20,3,5,800000
03-worker-sab-corrida,20,3,6,800000
03-worker-sab-corrida,20,3,7,800000
03-worker-sab-corrida,20,3,8,800000
03-worker-sab-corrida,20,3,9,800000
03-worker-sab-corrida,20,3,10,800000
03-worker-sab-corrida,20,3,11,800000
03-worker-sab-corrida,20,3,12,800000
03-worker-sab-corrida,20,3,13,800000
03-worker-sab-corrida,20,3,14,800000
03-worker-sab-corrida,20,3,15,800000
03-worker-sab-corrida,20,3,16,800000
03-worker-sab-corrida,20,3,17,800000
03-worker-sab-corrida,20,3,18,800000
03-worker-sab-corrida,20,3,19,800000
03-worker-sab-corrida,20,4,0,800000
03-worker-sab-corrida,20,4,1,800000
03-worker-sab-corrida,20,4,2,800000
03-worker-sab-corrida,20,4,3,800000
03-worker-sab-corrida,20,4,4,800000
03-worker-sab-corrida,20,4,5,800000
03-worker-sab-corrida,20,4,6,800000
03-worker-sab-corrida,20,4,7,800000
03-worker-sab-corrida,20,4,8,800000
03-worker-sab-corrida,20,4,9,800000
03-worker-sab-corrida,20,4,10,800000
03-worker-sab-corrida,20,4,11,800000
03-worker-sab-corrida,20,4,12,800000
03-worker-sab-corrida,20,4,13,800000
03-worker-sab-corrida,20,4,14,800000
03-worker-sab-corrida,20,4,15,800000
03-worker-sab-corrida,20,4,16,800000
03-worker-sab-corrida,20,4,17,800000
03-worker-sab-corrida,20,4,18,800000
03-worker-sab-corrida,20,4,19,800000
03-worker-sab-corrida,20,5,0,800000
03-worker-sab-corrida,20,5,1,800000
03-worker-sab-corrida,20,5,2,800000
03-worker-sab-corrida,20,5,3,800000
03-worker-sab-corrida,20,5,4,800000
03-worker-sab-corrida,20,5,5,800000
03-worker-sab-corrida,20,5,6,800000
03-worker-sab-corrida,20,5,7,800000
03-worker-sab-corrida,20,5,8,800000
03-worker-sab-corrida,20,5,9,800000
03-worker-sab-corrida,20,5,10,800000
03-worker-sab-corrida,20,5,11,800000
03-worker-sab-corrida,20,5,12,800000
03-worker-sab-corrida,20,5,13,800000
03-worker-sab-corrida,20,5,14,800000
03-worker-sab-corrida,20,5,15,800000
03-worker-sab-corrida,20,5,16,800000
03-worker-sab-corrida,20,5,17,800000
03-worker-sab-corrida,20,5,18,800000
03-worker-sab-corrida,20,5,19,800000
03-worker-sab-corrida,20,6,0,800000
03-worker-sab-corrida,20,6,1,800000
03-worker-sab-corrida,20,6,2,800000
03-worker-sab-corrida,20,6,3,800000
03-worker-sab-corrida,20,6,4,800000
03-worker-sab-corrida,20,6,5,800000
03-worker-sab-corrida,20,6,6,800000
03-worker-sab-corrida,20,6,7,800000
03-worker-sab-corrida,20,6,8,800000
03-worker-sab-corrida,20,6,9,800000
03-worker-sab-corrida,20,6,10,800000
03-worker-sab-corrida,20,6,11,800000
03-worker-sab-corrida,20,6,12,800000
03-worker-sab-corrida,20,6,13,800000
03-worker-sab-corrida,20,6,14,800000
03-worker-sab-corrida,20,6,15,800000
03-worker-sab-corrida,20,6,16,800000
03-worker-sab-corrida,20,6,17,800000
03-worker-sab-corrida,20,6,18,800000
03-worker-sab-corrida,20,6,19,800000
03-worker-sab-corrida,20,7,0,800000
03-worker-sab-corrida,20,7,1,800000
03-worker-sab-corrida,20,7,2,800000
03-worker-sab-corrida,20,7,3,800000
03-worker-sab-corrida,20,7,4,800000
03-worker-sab-corrida,20,7,5,800000
03-worker-sab-corrida,20,7,6,800000
03-worker-sab-corrida,20,7,7,800000
03-worker-sab-corrida,20,7,8,800000
03-worker-sab-corrida,20,7,9,800000
03-worker-sab-corrida,20,7,10,800000
03-worker-sab-corrida,20,7,11,800000
03-worker-sab-corrida,20,7,12,800000
03-worker-sab-corrida,20,7,13,800000
03-worker-sab-corrida,20,7,14,800000
03-worker-sab-corrida,20,7,15,800000
03-worker-sab-corrida,20,7,16,800000
03-worker-sab-corrida,20,7,17,800000
03-worker-sab-corrida,20,7,18,800000
03-worker-sab-corrida,20,7,19,800000
03-worker-sab-corrida,20,8,0,800000
03-worker-sab-corrida,20,8,1,800000
03-worker-sab-corrida,20,8,2,800000
03-worker-sab-corrida,20,8,3,800000
03-worker-sab-corrida,20,8,4,800000
03-worker-sab-corrida,20,8,5,800000
03-worker-sab-corrida,20,8,6,800000
03-worker-sab-corrida,20,8,7,800000
03-worker-sab-corrida,20,8,8,800000
03-worker-sab-corrida,20,8,9,800000
03-worker-sab-corrida,20,8,10,800000
03-worker-sab-corrida,20,8,11,800000
03-worker-sab-corrida,20,8,12,800000
03-worker-sab-corrida,20,8,13,800000
03-worker-sab-corrida,20,8,14,800000
03-worker-sab-corrida,20,8,15,800000
03-worker-sab-corrida,20,8,16,800000
03-worker-sab-corrida,20,8,17,800000
03-worker-sab-corrida,20,8,18,800000
03-worker-sab-corrida,20,8,19,800000
03-worker-sab-corrida,20,9,0,800000
03-worker-sab-corrida,20,9,1,800000
03-worker-sab-corrida,20,9,2,800000
03-worker-sab-corrida,20,9,3,800000
03-worker-sab-corrida,20,9,4,800000
03-worker-sab-corrida,20,9,5,800000
03-worker-sab-corrida,20,9,6,800000
03-worker-sab-corrida,20,9,7,800000
03-worker-sab-corrida,20,9,8,800000
03-worker-sab-corrida,20,9,9,800000
03-worker-sab-corrida,20,9,10,800000
03-worker-sab-corrida,20,9,11,800000
03-worker-sab-corrida,20,9,12,800000
03-worker-sab-corrida,20,9,13,800000
03-worker-sab-corrida,20,9,14,800000
03-worker-sab-corrida,20,9,15,800000
03-worker-sab-corrida,20,9,16,800000
03-worker-sab-corrida,20,9,17,800000
03-worker-sab-corrida,20,9,18,800000
03-worker-sab-corrida,20,9,19,800000
03-worker-sab-corrida,20,10,0,800000
03-worker-sab-corrida,20,10,1,800000
03-worker-sab-corrida,20,10,2,800000
03-worker-sab-corrida,20,10,3,800000
03-worker-sab-corrida,20,10,4,800000
03-worker-sab-corrida,20,10,5,800000
03-worker-sab-corrida,20,10,6,800000
03-worker-sab-corrida,20,10,7,800000
03-worker-sab-corrida,20,10,8,800000
03-worker-sab-corrida,20,10,9,800000
03-worker-sab-corrida,20,10,10,800000
03-worker-sab-corrida,20,10,11,800000
03-worker-sab-corrida,20,10,12,800000
03-worker-sab-corrida,20,10,13,800000
03-worker-sab-corrida,20,10,14,800000
03-worker-sab-corrida,20,10,15,800000
03-worker-sab-corrida,20,10,16,800000
03-worker-sab-corrida,20,10,17,800000
03-worker-sab-corrida,20,10,18,800000
03-worker-sab-corrida,20,10,19,800000
04-worker-banco,1,1,0,200
04-worker-banco,1,2,0,200
04-worker-banco,1,3,0,200
04-worker-banco,1,4,0,200
04-worker-banco,1,5,0,200
04-worker-banco,1,6,0,200
04-worker-banco,1,7,0,200
04-worker-banco,1,8,0,200
04-worker-banco,1,9,0,200
04-worker-banco,1,10,0,200
04-worker-banco,2,1,0,100
04-worker-banco,2,1,1,100
04-worker-banco,2,2,0,100
04-worker-banco,2,2,1,100
04-worker-banco,2,3,0,100
04-worker-banco,2,3,1,100
04-worker-banco,2,4,0,100
04-worker-banco,2,4,1,100
04-worker-banco,2,5,0,100
04-worker-banco,2,5,1,100
04-worker-banco,2,6,0,100
04-worker-banco,2,6,1,100
04-worker-banco,2,7,0,100
04-worker-banco,2,7,1,100
04-worker-banco,2,8,0,100
04-worker-banco,2,8,1,100
04-worker-banco,2,9,0,100
04-worker-banco,2,9,1,100
04-worker-banco,2,10,0,100
04-worker-banco,2,10,1,100
04-worker-banco,4,1,0,50
04-worker-banco,4,1,1,50
04-worker-banco,4,1,2,50
04-worker-banco,4,1,3,50
04-worker-banco,4,2,0,50
04-worker-banco,4,2,1,50
04-worker-banco,4,2,2,50
04-worker-banco,4,2,3,50
04-worker-banco,4,3,0,50
04-worker-banco,4,3,1,50
04-worker-banco,4,3,2,50
04-worker-banco,4,3,3,50
04-worker-banco,4,4,0,50
04-worker-banco,4,4,1,50
04-worker-banco,4,4,2,50
04-worker-banco,4,4,3,50
04-worker-banco,4,5,0,50
04-worker-banco,4,5,1,50
04-worker-banco,4,5,2,50
04-worker-banco,4,5,3,50
04-worker-banco,4,6,0,50
04-worker-banco,4,6,1,50
04-worker-banco,4,6,2,50
04-worker-banco,4,6,3,50
04-worker-banco,4,7,0,50
04-worker-banco,4,7,1,50
04-worker-banco,4,7,2,50
04-worker-banco,4,7,3,50
04-worker-banco,4,8,0,50
04-worker-banco,4,8,1,50
04-worker-banco,4,8,2,50
04-worker-banco,4,8,3,50
04-worker-banco,4,9,0,50
04-worker-banco,4,9,1,50
04-worker-banco,4,9,2,50
04-worker-banco,4,9,3,50
04-worker-banco,4,10,0,50
04-worker-banco,4,10,1,50
04-worker-banco,4,10,2,50
04-worker-banco,4,10,3,50
04-worker-banco,8,1,0,25
04-worker-banco,8,1,1,25
04-worker-banco,8,1,2,25
04-worker-banco,8,1,3,25
04-worker-banco,8,1,4,25
04-worker-banco,8,1,5,25
04-worker-banco,8,1,6,25
04-worker-banco,8,1,7,25
04-worker-banco,8,2,0,25
04-worker-banco,8,2,1,25
04-worker-banco,8,2,2,25
04-worker-banco,8,2,3,25
04-worker-banco,8,2,4,25
04-worker-banco,8,2,5,25
04-worker-banco,8,2,6,25
04-worker-banco,8,2,7,25
04-worker-banco,8,3,0,25
04-worker-banco,8,3,1,25
04-worker-banco,8,3,2,25
04-worker-banco,8,3,3,25
04-worker-banco,8,3,4,25
04-worker-banco,8,3,5,25
04-worker-banco,8,3,6,25
04-worker-banco,8,3,7,25
04-worker-banco,8,4,0,25
04-worker-banco,8,4,1,25
04-worker-banco,8,4,2,25
04-worker-banco,8,4,3,25
04-worker-banco,8,4,4,25
04-worker-banco,8,4,5,25
04-worker-banco,8,4,6,25
04-worker-banco,8,4,7,25
04-worker-banco,8,5,0,25
04-worker-banco,8,5,1,25
04-worker-banco,8,5,2,25
04-worker-banco,8,5,3,25
04-worker-banco,8,5,4,25
04-worker-banco,8,5,5,25
04-worker-banco,8,5,6,25
04-worker-banco,8,5,7,25
04-worker-banco,8,6,0,25
04-worker-banco,8,6,1,25
04-worker-banco,8,6,2,25
04-worker-banco,8,6,3,25
04-worker-banco,8,6,4,25
04-worker-banco,8,6,5,25
04-worker-banco,8,6,6,25
04-worker-banco,8,6,7,25
04-worker-banco,8,7,0,25
04-worker-banco,8,7,1,25
04-worker-banco,8,7,2,25
04-worker-banco,8,7,3,25
04-worker-banco,8,7,4,25
04-worker-banco,8,7,5,25
04-worker-banco,8,7,6,25
04-worker-banco,8,7,7,25
04-worker-banco,8,8,0,25
04-worker-banco,8,8,1,25
04-worker-banco,8,8,2,25
04-worker-banco,8,8,3,25
04-worker-banco,8,8,4,25
04-worker-banco,8,8,5,25
04-worker-banco,8,8,6,25
04-worker-banco,8,8,7,25
04-worker-banco,8,9,0,25
04-worker-banco,8,9,1,25
04-worker-banco,8,9,2,25
04-worker-banco,8,9,3,25
04-worker-banco,8,9,4,25
04-worker-banco,8,9,5,25
04-worker-banco,8,9,6,25
04-worker-banco,8,9,7,25
04-worker-banco,8,10,0,25
04-worker-banco,8,10,1,25
04-worker-banco,8,10,2,25
04-worker-banco,8,10,3,25
04-worker-banco,8,10,4,25
04-worker-banco,8,10,5,25
04-worker-banco,8,10,6,25
04-worker-banco,8,10,7,25
04-worker-banco,10,1,0,20
04-worker-banco,10,1,1,20
04-worker-banco,10,1,2,20
04-worker-banco,10,1,3,20
04-worker-banco,10,1,4,20
04-worker-banco,10,1,5,20
04-worker-banco,10,1,6,20
04-worker-banco,10,1,7,20
04-worker-banco,10,1,8,20
04-worker-banco,10,1,9,20
04-worker-banco,10,2,0,20
04-worker-banco,10,2,1,20
04-worker-banco,10,2,2,20
04-worker-banco,10,2,3,20
04-worker-banco,10,2,4,20
04-worker-banco,10,2,5,20
04-worker-banco,10,2,6,20
04-worker-banco,10,2,7,20
04-worker-banco,10,2,8,20
04-worker-banco,10,2,9,20
04-worker-banco,10,3,0,20
04-worker-banco,10,3,1,20
04-worker-banco,10,3,2,20
04-worker-banco,10,3,3,20
04-worker-banco,10,3,4,20
04-worker-banco,10,3,5,20
04-worker-banco,10,3,6,20
04-worker-banco,10,3,7,20
04-worker-banco,10,3,8,20
04-worker-banco,10,3,9,20
04-worker-banco,10,4,0,20
04-worker-banco,10,4,1,20
04-worker-banco,10,4,2,20
04-worker-banco,10,4,3,20
04-worker-banco,10,4,4,20
04-worker-banco,10,4,5,20
04-worker-banco,10,4,6,20
04-worker-banco,10,4,7,20
04-worker-banco,10,4,8,20
04-worker-banco,10,4,9,20
04-worker-banco,10,5,0,20
04-worker-banco,10,5,1,20
04-worker-banco,10,5,2,20
04-worker-banco,10,5,3,20
04-worker-banco,10,5,4,20
04-worker-banco,10,5,5,20
04-worker-banco,10,5,6,20
04-worker-banco,10,5,7,20
04-worker-banco,10,5,8,20
04-worker-banco,10,5,9,20
04-worker-banco,10,6,0,20
04-worker-banco,10,6,1,20
04-worker-banco,10,6,2,20
04-worker-banco,10,6,3,20
04-worker-banco,10,6,4,20
04-worker-banco,10,6,5,20
04-worker-banco,10,6,6,20
04-worker-banco,10,6,7,20
04-worker-banco,10,6,8,20
04-worker-banco,10,6,9,20
04-worker-banco,10,7,0,20
04-worker-banco,10,7,1,20
04-worker-banco,10,7,2,20
04-worker-banco,10,7,3,20
04-worker-banco,10,7,4,20
04-worker-banco,10,7,5,20
04-worker-banco,10,7,6,20
04-worker-banco,10,7,7,20
04-worker-banco,10,7,8,20
04-worker-banco,10,7,9,20
04-worker-banco,10,8,0,20
04-worker-banco,10,8,1,20
04-worker-banco,10,8,2,20
04-worker-banco,10,8,3,20
04-worker-banco,10,8,4,20
04-worker-banco,10,8,5,20
04-worker-banco,10,8,6,20
04-worker-banco,10,8,7,20
04-worker-banco,10,8,8,20
04-worker-banco,10,8,9,20
04-worker-banco,10,9,0,20
04-worker-banco,10,9,1,20
04-worker-banco,10,9,2,20
04-worker-banco,10,9,3,20
04-worker-banco,10,9,4,20
04-worker-banco,10,9,5,20
04-worker-banco,10,9,6,20
04-worker-banco,10,9,7,20
04-worker-banco,10,9,8,20
04-worker-banco,10,9,9,20
04-worker-banco,10,10,0,20
04-worker-banco,10,10,1,20
04-worker-banco,10,10,2,20
04-worker-banco,10,10,3,20
04-worker-banco,10,10,4,20
04-worker-banco,10,10,5,20
04-worker-banco,10,10,6,20
04-worker-banco,10,10,7,20
04-worker-banco,10,10,8,20
04-worker-banco,10,10,9,20
04-worker-banco,16,1,0,13
04-worker-banco,16,1,1,13
04-worker-banco,16,1,2,13
04-worker-banco,16,1,3,13
04-worker-banco,16,1,4,13
04-worker-banco,16,1,5,13
04-worker-banco,16,1,6,13
04-worker-banco,16,1,7,13
04-worker-banco,16,1,8,12
04-worker-banco,16,1,9,12
04-worker-banco,16,1,10,12
04-worker-banco,16,1,11,12
04-worker-banco,16,1,12,12
04-worker-banco,16,1,13,12
04-worker-banco,16,1,14,12
04-worker-banco,16,1,15,12
04-worker-banco,16,2,0,13
04-worker-banco,16,2,1,13
04-worker-banco,16,2,2,13
04-worker-banco,16,2,3,13
04-worker-banco,16,2,4,13
04-worker-banco,16,2,5,13
04-worker-banco,16,2,6,13
04-worker-banco,16,2,7,13
04-worker-banco,16,2,8,12
04-worker-banco,16,2,9,12
04-worker-banco,16,2,10,12
04-worker-banco,16,2,11,12
04-worker-banco,16,2,12,12
04-worker-banco,16,2,13,12
04-worker-banco,16,2,14,12
04-worker-banco,16,2,15,12
04-worker-banco,16,3,0,13
04-worker-banco,16,3,1,13
04-worker-banco,16,3,2,13
04-worker-banco,16,3,3,13
04-worker-banco,16,3,4,13
04-worker-banco,16,3,5,13
04-worker-banco,16,3,6,13
04-worker-banco,16,3,7,13
04-worker-banco,16,3,8,12
04-worker-banco,16,3,9,12
04-worker-banco,16,3,10,12
04-worker-banco,16,3,11,12
04-worker-banco,16,3,12,12
04-worker-banco,16,3,13,12
04-worker-banco,16,3,14,12
04-worker-banco,16,3,15,12
04-worker-banco,16,4,0,13
04-worker-banco,16,4,1,13
04-worker-banco,16,4,2,13
04-worker-banco,16,4,3,13
04-worker-banco,16,4,4,13
04-worker-banco,16,4,5,13
04-worker-banco,16,4,6,13
04-worker-banco,16,4,7,13
04-worker-banco,16,4,8,12
04-worker-banco,16,4,9,12
04-worker-banco,16,4,10,12
04-worker-banco,16,4,11,12
04-worker-banco,16,4,12,12
04-worker-banco,16,4,13,12
04-worker-banco,16,4,14,12
04-worker-banco,16,4,15,12
04-worker-banco,16,5,0,13
04-worker-banco,16,5,1,13
04-worker-banco,16,5,2,13
04-worker-banco,16,5,3,13
04-worker-banco,16,5,4,13
04-worker-banco,16,5,5,13
04-worker-banco,16,5,6,13
04-worker-banco,16,5,7,13
04-worker-banco,16,5,8,12
04-worker-banco,16,5,9,12
04-worker-banco,16,5,10,12
04-worker-banco,16,5,11,12
04-worker-banco,16,5,12,12
04-worker-banco,16,5,13,12
04-worker-banco,16,5,14,12
04-worker-banco,16,5,15,12
04-worker-banco,16,6,0,13
04-worker-banco,16,6,1,13
04-worker-banco,16,6,2,13
04-worker-banco,16,6,3,13
04-worker-banco,16,6,4,13
04-worker-banco,16,6,5,13
04-worker-banco,16,6,6,13
04-worker-banco,16,6,7,13
04-worker-banco,16,6,8,12
04-worker-banco,16,6,9,12
04-worker-banco,16,6,10,12
04-worker-banco,16,6,11,12
04-worker-banco,16,6,12,12
04-worker-banco,16,6,13,12
04-worker-banco,16,6,14,12
04-worker-banco,16,6,15,12
04-worker-banco,16,7,0,13
04-worker-banco,16,7,1,13
04-worker-banco,16,7,2,13
04-worker-banco,16,7,3,13
04-worker-banco,16,7,4,13
04-worker-banco,16,7,5,13
04-worker-banco,16,7,6,13
04-worker-banco,16,7,7,13
04-worker-banco,16,7,8,12
04-worker-banco,16,7,9,12
04-worker-banco,16,7,10,12
04-worker-banco,16,7,11,12
04-worker-banco,16,7,12,12
04-worker-banco,16,7,13,12
04-worker-banco,16,7,14,12
04-worker-banco,16,7,15,12
04-worker-banco,16,8,0,13
04-worker-banco,16,8,1,13
04-worker-banco,16,8,2,13
04-worker-banco,16,8,3,13
04-worker-banco,16,8,4,13
04-worker-banco,16,8,5,13
04-worker-banco,16,8,6,13
04-worker-banco,16,8,7,13
04-worker-banco,16,8,8,12
04-worker-banco,16,8,9,12
04-worker-banco,16,8,10,12
04-worker-banco,16,8,11,12
04-worker-banco,16,8,12,12
04-worker-banco,16,8,13,12
04-worker-banco,16,8,14,12
04-worker-banco,16,8,15,12
04-worker-banco,16,9,0,13
04-worker-banco,16,9,1,13
04-worker-banco,16,9,2,13
04-worker-banco,16,9,3,13
04-worker-banco,16,9,4,13
04-worker-banco,16,9,5,13
04-worker-banco,16,9,6,13
04-worker-banco,16,9,7,13
04-worker-banco,16,9,8,12
04-worker-banco,16,9,9,12
04-worker-banco,16,9,10,12
04-worker-banco,16,9,11,12
04-worker-banco,16,9,12,12
04-worker-banco,16,9,13,12
04-worker-banco,16,9,14,12
04-worker-banco,16,9,15,12
04-worker-banco,16,10,0,13
04-worker-banco,16,10,1,13
04-worker-banco,16,10,2,13
04-worker-banco,16,10,3,13
04-worker-banco,16,10,4,13
04-worker-banco,16,10,5,13
04-worker-banco,16,10,6,13
04-worker-banco,16,10,7,13
04-worker-banco,16,10,8,12
04-worker-banco,16,10,9,12
04-worker-banco,16,10,10,12
04-worker-banco,16,10,11,12
04-worker-banco,16,10,12,12
04-worker-banco,16,10,13,12
04-worker-banco,16,10,14,12
04-worker-banco,16,10,15,12
04-worker-banco,20,1,0,10
04-worker-banco,20,1,1,10
04-worker-banco,20,1,2,10
04-worker-banco,20,1,3,10
04-worker-banco,20,1,4,10
04-worker-banco,20,1,5,10
04-worker-banco,20,1,6,10
04-worker-banco,20,1,7,10
04-worker-banco,20,1,8,10
04-worker-banco,20,1,9,10
04-worker-banco,20,1,10,10
04-worker-banco,20,1,11,10
04-worker-banco,20,1,12,10
04-worker-banco,20,1,13,10
04-worker-banco,20,1,14,10
04-worker-banco,20,1,15,10
04-worker-banco,20,1,16,10
04-worker-banco,20,1,17,10
04-worker-banco,20,1,18,10
04-worker-banco,20,1,19,10
04-worker-banco,20,2,0,10
04-worker-banco,20,2,1,10
04-worker-banco,20,2,2,10
04-worker-banco,20,2,3,10
04-worker-banco,20,2,4,10
04-worker-banco,20,2,5,10
04-worker-banco,20,2,6,10
04-worker-banco,20,2,7,10
04-worker-banco,20,2,8,10
04-worker-banco,20,2,9,10
04-worker-banco,20,2,10,10
04-worker-banco,20,2,11,10
04-worker-banco,20,2,12,10
04-worker-banco,20,2,13,10
04-worker-banco,20,2,14,10
04-worker-banco,20,2,15,10
04-worker-banco,20,2,16,10
04-worker-banco,20,2,17,10
04-worker-banco,20,2,18,10
04-worker-banco,20,2,19,10
04-worker-banco,20,3,0,10
04-worker-banco,20,3,1,10
04-worker-banco,20,3,2,10
04-worker-banco,20,3,3,10
04-worker-banco,20,3,4,10
04-worker-banco,20,3,5,10
04-worker-banco,20,3,6,10
04-worker-banco,20,3,7,10
04-worker-banco,20,3,8,10
04-worker-banco,20,3,9,10
04-worker-banco,20,3,10,10
04-worker-banco,20,3,11,10
04-worker-banco,20,3,12,10
04-worker-banco,20,3,13,10
04-worker-banco,20,3,14,10
04-worker-banco,20,3,15,10
04-worker-banco,20,3,16,10
04-worker-banco,20,3,17,10
04-worker-banco,20,3,18,10
04-worker-banco,20,3,19,10
04-worker-banco,20,4,0,10
04-worker-banco,20,4,1,10
04-worker-banco,20,4,2,10
04-worker-banco,20,4,3,10
04-worker-banco,20,4,4,10
04-worker-banco,20,4,5,10
04-worker-banco,20,4,6,10
04-worker-banco,20,4,7,10
04-worker-banco,20,4,8,10
04-worker-banco,20,4,9,10
04-worker-banco,20,4,10,10
04-worker-banco,20,4,11,10
04-worker-banco,20,4,12,10
04-worker-banco,20,4,13,10
04-worker-banco,20,4,14,10
04-worker-banco,20,4,15,10
04-worker-banco,20,4,16,10
04-worker-banco,20,4,17,10
04-worker-banco,20,4,18,10
04-worker-banco,20,4,19,10
04-worker-banco,20,5,0,10
04-worker-banco,20,5,1,10
04-worker-banco,20,5,2,10
04-worker-banco,20,5,3,10
04-worker-banco,20,5,4,10
04-worker-banco,20,5,5,10
04-worker-banco,20,5,6,10
04-worker-banco,20,5,7,10
04-worker-banco,20,5,8,10
04-worker-banco,20,5,9,10
04-worker-banco,20,5,10,10
04-worker-banco,20,5,11,10
04-worker-banco,20,5,12,10
04-worker-banco,20,5,13,10
04-worker-banco,20,5,14,10
04-worker-banco,20,5,15,10
04-worker-banco,20,5,16,10
04-worker-banco,20,5,17,10
04-worker-banco,20,5,18,10
04-worker-banco,20,5,19,10
04-worker-banco,20,6,0,10
04-worker-banco,20,6,1,10
04-worker-banco,20,6,2,10
04-worker-banco,20,6,3,10
04-worker-banco,20,6,4,10
04-worker-banco,20,6,5,10
04-worker-banco,20,6,6,10
04-worker-banco,20,6,7,10
04-worker-banco,20,6,8,10
04-worker-banco,20,6,9,10
04-worker-banco,20,6,10,10
04-worker-banco,20,6,11,10
04-worker-banco,20,6,12,10
04-worker-banco,20,6,13,10
04-worker-banco,20,6,14,10
04-worker-banco,20,6,15,10
04-worker-banco,20,6,16,10
04-worker-banco,20,6,17,10
04-worker-banco,20,6,18,10
04-worker-banco,20,6,19,10
04-worker-banco,20,7,0,10
04-worker-banco,20,7,1,10
04-worker-banco,20,7,2,10
04-worker-banco,20,7,3,10
04-worker-banco,20,7,4,10
04-worker-banco,20,7,5,10
04-worker-banco,20,7,6,10
04-worker-banco,20,7,7,10
04-worker-banco,20,7,8,10
04-worker-banco,20,7,9,10
04-worker-banco,20,7,10,10
04-worker-banco,20,7,11,10
04-worker-banco,20,7,12,10
04-worker-banco,20,7,13,10
04-worker-banco,20,7,14,10
04-worker-banco,20,7,15,10
04-worker-banco,20,7,16,10
04-worker-banco,20,7,17,10
04-worker-banco,20,7,18,10
04-worker-banco,20,7,19,10
04-worker-banco,20,8,0,10
04-worker-banco,20,8,1,10
04-worker-banco,20,8,2,10
04-worker-banco,20,8,3,10
04-worker-banco,20,8,4,10
04-worker-banco,20,8,5,10
04-worker-banco,20,8,6,10
04-worker-banco,20,8,7,10
04-worker-banco,20,8,8,10
04-worker-banco,20,8,9,10
04-worker-banco,20,8,10,10
04-worker-banco,20,8,11,10
04-worker-banco,20,8,12,10
04-worker-banco,20,8,13,10
04-worker-banco,20,8,14,10
04-worker-banco,20,8,15,10
04-worker-banco,20,8,16,10
04-worker-banco,20,8,17,10
04-worker-banco,20,8,18,10
04-worker-banco,20,8,19,10
04-worker-banco,20,9,0,10
04-worker-banco,20,9,1,10
04-worker-banco,20,9,2,10
04-worker-banco,20,9,3,10
04-worker-banco,20,9,4,10
04-worker-banco,20,9,5,10
04-worker-banco,20,9,6,10
04-worker-banco,20,9,7,10
04-worker-banco,20,9,8,10
04-worker-banco,20,9,9,10
04-worker-banco,20,9,10,10
04-worker-banco,20,9,11,10
04-worker-banco,20,9,12,10
04-worker-banco,20,9,13,10
04-worker-banco,20,9,14,10
04-worker-banco,20,9,15,10
04-worker-banco,20,9,16,10
04-worker-banco,20,9,17,10
04-worker-banco,20,9,18,10
04-worker-banco,20,9,19,10
04-worker-banco,20,10,0,10
04-worker-banco,20,10,1,10
04-worker-banco,20,10,2,10
04-worker-banco,20,10,3,10
04-worker-banco,20,10,4,10
04-worker-banco,20,10,5,10
04-worker-banco,20,10,6,10
04-worker-banco,20,10,7,10
04-worker-banco,20,10,8,10
04-worker-banco,20,10,9,10
04-worker-banco,20,10,10,10
04-worker-banco,20,10,11,10
04-worker-banco,20,10,12,10
04-worker-banco,20,10,13,10
04-worker-banco,20,10,14,10
04-worker-banco,20,10,15,10
04-worker-banco,20,10,16,10
04-worker-banco,20,10,17,10
04-worker-banco,20,10,18,10
04-worker-banco,20,10,19,10
05-worker-leitura-suja,1,1,0,40
05-worker-leitura-suja,1,2,0,40
05-worker-leitura-suja,1,3,0,40
05-worker-leitura-suja,1,4,0,40
05-worker-leitura-suja,1,5,0,40
05-worker-leitura-suja,1,6,0,40
05-worker-leitura-suja,1,7,0,40
05-worker-leitura-suja,1,8,0,40
05-worker-leitura-suja,1,9,0,40
05-worker-leitura-suja,1,10,0,40
05-worker-leitura-suja,2,1,0,20
05-worker-leitura-suja,2,1,1,20
05-worker-leitura-suja,2,2,0,20
05-worker-leitura-suja,2,2,1,20
05-worker-leitura-suja,2,3,0,20
05-worker-leitura-suja,2,3,1,20
05-worker-leitura-suja,2,4,0,20
05-worker-leitura-suja,2,4,1,20
05-worker-leitura-suja,2,5,0,20
05-worker-leitura-suja,2,5,1,20
05-worker-leitura-suja,2,6,0,20
05-worker-leitura-suja,2,6,1,20
05-worker-leitura-suja,2,7,0,20
05-worker-leitura-suja,2,7,1,20
05-worker-leitura-suja,2,8,0,20
05-worker-leitura-suja,2,8,1,20
05-worker-leitura-suja,2,9,0,20
05-worker-leitura-suja,2,9,1,20
05-worker-leitura-suja,2,10,0,20
05-worker-leitura-suja,2,10,1,20
05-worker-leitura-suja,4,1,0,10
05-worker-leitura-suja,4,1,1,10
05-worker-leitura-suja,4,1,2,10
05-worker-leitura-suja,4,1,3,10
05-worker-leitura-suja,4,2,0,10
05-worker-leitura-suja,4,2,1,10
05-worker-leitura-suja,4,2,2,10
05-worker-leitura-suja,4,2,3,10
05-worker-leitura-suja,4,3,0,10
05-worker-leitura-suja,4,3,1,10
05-worker-leitura-suja,4,3,2,10
05-worker-leitura-suja,4,3,3,10
05-worker-leitura-suja,4,4,0,10
05-worker-leitura-suja,4,4,1,10
05-worker-leitura-suja,4,4,2,10
05-worker-leitura-suja,4,4,3,10
05-worker-leitura-suja,4,5,0,10
05-worker-leitura-suja,4,5,1,10
05-worker-leitura-suja,4,5,2,10
05-worker-leitura-suja,4,5,3,10
05-worker-leitura-suja,4,6,0,10
05-worker-leitura-suja,4,6,1,10
05-worker-leitura-suja,4,6,2,10
05-worker-leitura-suja,4,6,3,10
05-worker-leitura-suja,4,7,0,10
05-worker-leitura-suja,4,7,1,10
05-worker-leitura-suja,4,7,2,10
05-worker-leitura-suja,4,7,3,10
05-worker-leitura-suja,4,8,0,10
05-worker-leitura-suja,4,8,1,10
05-worker-leitura-suja,4,8,2,10
05-worker-leitura-suja,4,8,3,10
05-worker-leitura-suja,4,9,0,10
05-worker-leitura-suja,4,9,1,10
05-worker-leitura-suja,4,9,2,10
05-worker-leitura-suja,4,9,3,10
05-worker-leitura-suja,4,10,0,10
05-worker-leitura-suja,4,10,1,10
05-worker-leitura-suja,4,10,2,10
05-worker-leitura-suja,4,10,3,10
05-worker-leitura-suja,8,1,0,5
05-worker-leitura-suja,8,1,1,5
05-worker-leitura-suja,8,1,2,5
05-worker-leitura-suja,8,1,3,5
05-worker-leitura-suja,8,1,4,5
05-worker-leitura-suja,8,1,5,5
05-worker-leitura-suja,8,1,6,5
05-worker-leitura-suja,8,1,7,5
05-worker-leitura-suja,8,2,0,5
05-worker-leitura-suja,8,2,1,5
05-worker-leitura-suja,8,2,2,5
05-worker-leitura-suja,8,2,3,5
05-worker-leitura-suja,8,2,4,5
05-worker-leitura-suja,8,2,5,5
05-worker-leitura-suja,8,2,6,5
05-worker-leitura-suja,8,2,7,5
05-worker-leitura-suja,8,3,0,5
05-worker-leitura-suja,8,3,1,5
05-worker-leitura-suja,8,3,2,5
05-worker-leitura-suja,8,3,3,5
05-worker-leitura-suja,8,3,4,5
05-worker-leitura-suja,8,3,5,5
05-worker-leitura-suja,8,3,6,5
05-worker-leitura-suja,8,3,7,5
05-worker-leitura-suja,8,4,0,5
05-worker-leitura-suja,8,4,1,5
05-worker-leitura-suja,8,4,2,5
05-worker-leitura-suja,8,4,3,5
05-worker-leitura-suja,8,4,4,5
05-worker-leitura-suja,8,4,5,5
05-worker-leitura-suja,8,4,6,5
05-worker-leitura-suja,8,4,7,5
05-worker-leitura-suja,8,5,0,5
05-worker-leitura-suja,8,5,1,5
05-worker-leitura-suja,8,5,2,5
05-worker-leitura-suja,8,5,3,5
05-worker-leitura-suja,8,5,4,5
05-worker-leitura-suja,8,5,5,5
05-worker-leitura-suja,8,5,6,5
05-worker-leitura-suja,8,5,7,5
05-worker-leitura-suja,8,6,0,5
05-worker-leitura-suja,8,6,1,5
05-worker-leitura-suja,8,6,2,5
05-worker-leitura-suja,8,6,3,5
05-worker-leitura-suja,8,6,4,5
05-worker-leitura-suja,8,6,5,5
05-worker-leitura-suja,8,6,6,5
05-worker-leitura-suja,8,6,7,5
05-worker-leitura-suja,8,7,0,5
05-worker-leitura-suja,8,7,1,5
05-worker-leitura-suja,8,7,2,5
05-worker-leitura-suja,8,7,3,5
05-worker-leitura-suja,8,7,4,5
05-worker-leitura-suja,8,7,5,5
05-worker-leitura-suja,8,7,6,5
05-worker-leitura-suja,8,7,7,5
05-worker-leitura-suja,8,8,0,5
05-worker-leitura-suja,8,8,1,5
05-worker-leitura-suja,8,8,2,5
05-worker-leitura-suja,8,8,3,5
05-worker-leitura-suja,8,8,4,5
05-worker-leitura-suja,8,8,5,5
05-worker-leitura-suja,8,8,6,5
05-worker-leitura-suja,8,8,7,5
05-worker-leitura-suja,8,9,0,5
05-worker-leitura-suja,8,9,1,5
05-worker-leitura-suja,8,9,2,5
05-worker-leitura-suja,8,9,3,5
05-worker-leitura-suja,8,9,4,5
05-worker-leitura-suja,8,9,5,5
05-worker-leitura-suja,8,9,6,5
05-worker-leitura-suja,8,9,7,5
05-worker-leitura-suja,8,10,0,5
05-worker-leitura-suja,8,10,1,5
05-worker-leitura-suja,8,10,2,5
05-worker-leitura-suja,8,10,3,5
05-worker-leitura-suja,8,10,4,5
05-worker-leitura-suja,8,10,5,5
05-worker-leitura-suja,8,10,6,5
05-worker-leitura-suja,8,10,7,5
05-worker-leitura-suja,10,1,0,4
05-worker-leitura-suja,10,1,1,4
05-worker-leitura-suja,10,1,2,4
05-worker-leitura-suja,10,1,3,4
05-worker-leitura-suja,10,1,4,4
05-worker-leitura-suja,10,1,5,4
05-worker-leitura-suja,10,1,6,4
05-worker-leitura-suja,10,1,7,4
05-worker-leitura-suja,10,1,8,4
05-worker-leitura-suja,10,1,9,4
05-worker-leitura-suja,10,2,0,4
05-worker-leitura-suja,10,2,1,4
05-worker-leitura-suja,10,2,2,4
05-worker-leitura-suja,10,2,3,4
05-worker-leitura-suja,10,2,4,4
05-worker-leitura-suja,10,2,5,4
05-worker-leitura-suja,10,2,6,4
05-worker-leitura-suja,10,2,7,4
05-worker-leitura-suja,10,2,8,4
05-worker-leitura-suja,10,2,9,4
05-worker-leitura-suja,10,3,0,4
05-worker-leitura-suja,10,3,1,4
05-worker-leitura-suja,10,3,2,4
05-worker-leitura-suja,10,3,3,4
05-worker-leitura-suja,10,3,4,4
05-worker-leitura-suja,10,3,5,4
05-worker-leitura-suja,10,3,6,4
05-worker-leitura-suja,10,3,7,4
05-worker-leitura-suja,10,3,8,4
05-worker-leitura-suja,10,3,9,4
05-worker-leitura-suja,10,4,0,4
05-worker-leitura-suja,10,4,1,4
05-worker-leitura-suja,10,4,2,4
05-worker-leitura-suja,10,4,3,4
05-worker-leitura-suja,10,4,4,4
05-worker-leitura-suja,10,4,5,4
05-worker-leitura-suja,10,4,6,4
05-worker-leitura-suja,10,4,7,4
05-worker-leitura-suja,10,4,8,4
05-worker-leitura-suja,10,4,9,4
05-worker-leitura-suja,10,5,0,4
05-worker-leitura-suja,10,5,1,4
05-worker-leitura-suja,10,5,2,4
05-worker-leitura-suja,10,5,3,4
05-worker-leitura-suja,10,5,4,4
05-worker-leitura-suja,10,5,5,4
05-worker-leitura-suja,10,5,6,4
05-worker-leitura-suja,10,5,7,4
05-worker-leitura-suja,10,5,8,4
05-worker-leitura-suja,10,5,9,4
05-worker-leitura-suja,10,6,0,4
05-worker-leitura-suja,10,6,1,4
05-worker-leitura-suja,10,6,2,4
05-worker-leitura-suja,10,6,3,4
05-worker-leitura-suja,10,6,4,4
05-worker-leitura-suja,10,6,5,4
05-worker-leitura-suja,10,6,6,4
05-worker-leitura-suja,10,6,7,4
05-worker-leitura-suja,10,6,8,4
05-worker-leitura-suja,10,6,9,4
05-worker-leitura-suja,10,7,0,4
05-worker-leitura-suja,10,7,1,4
05-worker-leitura-suja,10,7,2,4
05-worker-leitura-suja,10,7,3,4
05-worker-leitura-suja,10,7,4,4
05-worker-leitura-suja,10,7,5,4
05-worker-leitura-suja,10,7,6,4
05-worker-leitura-suja,10,7,7,4
05-worker-leitura-suja,10,7,8,4
05-worker-leitura-suja,10,7,9,4
05-worker-leitura-suja,10,8,0,4
05-worker-leitura-suja,10,8,1,4
05-worker-leitura-suja,10,8,2,4
05-worker-leitura-suja,10,8,3,4
05-worker-leitura-suja,10,8,4,4
05-worker-leitura-suja,10,8,5,4
05-worker-leitura-suja,10,8,6,4
05-worker-leitura-suja,10,8,7,4
05-worker-leitura-suja,10,8,8,4
05-worker-leitura-suja,10,8,9,4
05-worker-leitura-suja,10,9,0,4
05-worker-leitura-suja,10,9,1,4
05-worker-leitura-suja,10,9,2,4
05-worker-leitura-suja,10,9,3,4
05-worker-leitura-suja,10,9,4,4
05-worker-leitura-suja,10,9,5,4
05-worker-leitura-suja,10,9,6,4
05-worker-leitura-suja,10,9,7,4
05-worker-leitura-suja,10,9,8,4
05-worker-leitura-suja,10,9,9,4
05-worker-leitura-suja,10,10,0,4
05-worker-leitura-suja,10,10,1,4
05-worker-leitura-suja,10,10,2,4
05-worker-leitura-suja,10,10,3,4
05-worker-leitura-suja,10,10,4,4
05-worker-leitura-suja,10,10,5,4
05-worker-leitura-suja,10,10,6,4
05-worker-leitura-suja,10,10,7,4
05-worker-leitura-suja,10,10,8,4
05-worker-leitura-suja,10,10,9,4
05-worker-leitura-suja,16,1,0,2
05-worker-leitura-suja,16,1,1,2
05-worker-leitura-suja,16,1,2,2
05-worker-leitura-suja,16,1,3,2
05-worker-leitura-suja,16,1,4,2
05-worker-leitura-suja,16,1,5,2
05-worker-leitura-suja,16,1,6,2
05-worker-leitura-suja,16,1,7,2
05-worker-leitura-suja,16,1,8,2
05-worker-leitura-suja,16,1,9,2
05-worker-leitura-suja,16,1,10,2
05-worker-leitura-suja,16,1,11,2
05-worker-leitura-suja,16,1,12,2
05-worker-leitura-suja,16,1,13,2
05-worker-leitura-suja,16,1,14,2
05-worker-leitura-suja,16,1,15,2
05-worker-leitura-suja,16,2,0,2
05-worker-leitura-suja,16,2,1,2
05-worker-leitura-suja,16,2,2,2
05-worker-leitura-suja,16,2,3,2
05-worker-leitura-suja,16,2,4,2
05-worker-leitura-suja,16,2,5,2
05-worker-leitura-suja,16,2,6,2
05-worker-leitura-suja,16,2,7,2
05-worker-leitura-suja,16,2,8,2
05-worker-leitura-suja,16,2,9,2
05-worker-leitura-suja,16,2,10,2
05-worker-leitura-suja,16,2,11,2
05-worker-leitura-suja,16,2,12,2
05-worker-leitura-suja,16,2,13,2
05-worker-leitura-suja,16,2,14,2
05-worker-leitura-suja,16,2,15,2
05-worker-leitura-suja,16,3,0,2
05-worker-leitura-suja,16,3,1,2
05-worker-leitura-suja,16,3,2,2
05-worker-leitura-suja,16,3,3,2
05-worker-leitura-suja,16,3,4,2
05-worker-leitura-suja,16,3,5,2
05-worker-leitura-suja,16,3,6,2
05-worker-leitura-suja,16,3,7,2
05-worker-leitura-suja,16,3,8,2
05-worker-leitura-suja,16,3,9,2
05-worker-leitura-suja,16,3,10,2
05-worker-leitura-suja,16,3,11,2
05-worker-leitura-suja,16,3,12,2
05-worker-leitura-suja,16,3,13,2
05-worker-leitura-suja,16,3,14,2
05-worker-leitura-suja,16,3,15,2
05-worker-leitura-suja,16,4,0,2
05-worker-leitura-suja,16,4,1,2
05-worker-leitura-suja,16,4,2,2
05-worker-leitura-suja,16,4,3,2
05-worker-leitura-suja,16,4,4,2
05-worker-leitura-suja,16,4,5,2
05-worker-leitura-suja,16,4,6,2
05-worker-leitura-suja,16,4,7,2
05-worker-leitura-suja,16,4,8,2
05-worker-leitura-suja,16,4,9,2
05-worker-leitura-suja,16,4,10,2
05-worker-leitura-suja,16,4,11,2
05-worker-leitura-suja,16,4,12,2
05-worker-leitura-suja,16,4,13,2
05-worker-leitura-suja,16,4,14,2
05-worker-leitura-suja,16,4,15,2
05-worker-leitura-suja,16,5,0,2
05-worker-leitura-suja,16,5,1,2
05-worker-leitura-suja,16,5,2,2
05-worker-leitura-suja,16,5,3,2
05-worker-leitura-suja,16,5,4,2
05-worker-leitura-suja,16,5,5,2
05-worker-leitura-suja,16,5,6,2
05-worker-leitura-suja,16,5,7,2
05-worker-leitura-suja,16,5,8,2
05-worker-leitura-suja,16,5,9,2
05-worker-leitura-suja,16,5,10,2
05-worker-leitura-suja,16,5,11,2
05-worker-leitura-suja,16,5,12,2
05-worker-leitura-suja,16,5,13,2
05-worker-leitura-suja,16,5,14,2
05-worker-leitura-suja,16,5,15,2
05-worker-leitura-suja,16,6,0,2
05-worker-leitura-suja,16,6,1,2
05-worker-leitura-suja,16,6,2,2
05-worker-leitura-suja,16,6,3,2
05-worker-leitura-suja,16,6,4,2
05-worker-leitura-suja,16,6,5,2
05-worker-leitura-suja,16,6,6,2
05-worker-leitura-suja,16,6,7,2
05-worker-leitura-suja,16,6,8,2
05-worker-leitura-suja,16,6,9,2
05-worker-leitura-suja,16,6,10,2
05-worker-leitura-suja,16,6,11,2
05-worker-leitura-suja,16,6,12,2
05-worker-leitura-suja,16,6,13,2
05-worker-leitura-suja,16,6,14,2
05-worker-leitura-suja,16,6,15,2
05-worker-leitura-suja,16,7,0,2
05-worker-leitura-suja,16,7,1,2
05-worker-leitura-suja,16,7,2,2
05-worker-leitura-suja,16,7,3,2
05-worker-leitura-suja,16,7,4,2
05-worker-leitura-suja,16,7,5,2
05-worker-leitura-suja,16,7,6,2
05-worker-leitura-suja,16,7,7,2
05-worker-leitura-suja,16,7,8,2
05-worker-leitura-suja,16,7,9,2
05-worker-leitura-suja,16,7,10,2
05-worker-leitura-suja,16,7,11,2
05-worker-leitura-suja,16,7,12,2
05-worker-leitura-suja,16,7,13,2
05-worker-leitura-suja,16,7,14,2
05-worker-leitura-suja,16,7,15,2
05-worker-leitura-suja,16,8,0,2
05-worker-leitura-suja,16,8,1,2
05-worker-leitura-suja,16,8,2,2
05-worker-leitura-suja,16,8,3,2
05-worker-leitura-suja,16,8,4,2
05-worker-leitura-suja,16,8,5,2
05-worker-leitura-suja,16,8,6,2
05-worker-leitura-suja,16,8,7,2
05-worker-leitura-suja,16,8,8,2
05-worker-leitura-suja,16,8,9,2
05-worker-leitura-suja,16,8,10,2
05-worker-leitura-suja,16,8,11,2
05-worker-leitura-suja,16,8,12,2
05-worker-leitura-suja,16,8,13,2
05-worker-leitura-suja,16,8,14,2
05-worker-leitura-suja,16,8,15,2
05-worker-leitura-suja,16,9,0,2
05-worker-leitura-suja,16,9,1,2
05-worker-leitura-suja,16,9,2,2
05-worker-leitura-suja,16,9,3,2
05-worker-leitura-suja,16,9,4,2
05-worker-leitura-suja,16,9,5,2
05-worker-leitura-suja,16,9,6,2
05-worker-leitura-suja,16,9,7,2
05-worker-leitura-suja,16,9,8,2
05-worker-leitura-suja,16,9,9,2
05-worker-leitura-suja,16,9,10,2
05-worker-leitura-suja,16,9,11,2
05-worker-leitura-suja,16,9,12,2
05-worker-leitura-suja,16,9,13,2
05-worker-leitura-suja,16,9,14,2
05-worker-leitura-suja,16,9,15,2
05-worker-leitura-suja,16,10,0,2
05-worker-leitura-suja,16,10,1,2
05-worker-leitura-suja,16,10,2,2
05-worker-leitura-suja,16,10,3,2
05-worker-leitura-suja,16,10,4,2
05-worker-leitura-suja,16,10,5,2
05-worker-leitura-suja,16,10,6,2
05-worker-leitura-suja,16,10,7,2
05-worker-leitura-suja,16,10,8,2
05-worker-leitura-suja,16,10,9,2
05-worker-leitura-suja,16,10,10,2
05-worker-leitura-suja,16,10,11,2
05-worker-leitura-suja,16,10,12,2
05-worker-leitura-suja,16,10,13,2
05-worker-leitura-suja,16,10,14,2
05-worker-leitura-suja,16,10,15,2
05-worker-leitura-suja,20,1,0,2
05-worker-leitura-suja,20,1,1,2
05-worker-leitura-suja,20,1,2,2
05-worker-leitura-suja,20,1,3,2
05-worker-leitura-suja,20,1,4,2
05-worker-leitura-suja,20,1,5,2
05-worker-leitura-suja,20,1,6,2
05-worker-leitura-suja,20,1,7,2
05-worker-leitura-suja,20,1,8,2
05-worker-leitura-suja,20,1,9,2
05-worker-leitura-suja,20,1,10,2
05-worker-leitura-suja,20,1,11,2
05-worker-leitura-suja,20,1,12,2
05-worker-leitura-suja,20,1,13,2
05-worker-leitura-suja,20,1,14,2
05-worker-leitura-suja,20,1,15,2
05-worker-leitura-suja,20,1,16,2
05-worker-leitura-suja,20,1,17,2
05-worker-leitura-suja,20,1,18,2
05-worker-leitura-suja,20,1,19,2
05-worker-leitura-suja,20,2,0,2
05-worker-leitura-suja,20,2,1,2
05-worker-leitura-suja,20,2,2,2
05-worker-leitura-suja,20,2,3,2
05-worker-leitura-suja,20,2,4,2
05-worker-leitura-suja,20,2,5,2
05-worker-leitura-suja,20,2,6,2
05-worker-leitura-suja,20,2,7,2
05-worker-leitura-suja,20,2,8,2
05-worker-leitura-suja,20,2,9,2
05-worker-leitura-suja,20,2,10,2
05-worker-leitura-suja,20,2,11,2
05-worker-leitura-suja,20,2,12,2
05-worker-leitura-suja,20,2,13,2
05-worker-leitura-suja,20,2,14,2
05-worker-leitura-suja,20,2,15,2
05-worker-leitura-suja,20,2,16,2
05-worker-leitura-suja,20,2,17,2
05-worker-leitura-suja,20,2,18,2
05-worker-leitura-suja,20,2,19,2
05-worker-leitura-suja,20,3,0,2
05-worker-leitura-suja,20,3,1,2
05-worker-leitura-suja,20,3,2,2
05-worker-leitura-suja,20,3,3,2
05-worker-leitura-suja,20,3,4,2
05-worker-leitura-suja,20,3,5,2
05-worker-leitura-suja,20,3,6,2
05-worker-leitura-suja,20,3,7,2
05-worker-leitura-suja,20,3,8,2
05-worker-leitura-suja,20,3,9,2
05-worker-leitura-suja,20,3,10,2
05-worker-leitura-suja,20,3,11,2
05-worker-leitura-suja,20,3,12,2
05-worker-leitura-suja,20,3,13,2
05-worker-leitura-suja,20,3,14,2
05-worker-leitura-suja,20,3,15,2
05-worker-leitura-suja,20,3,16,2
05-worker-leitura-suja,20,3,17,2
05-worker-leitura-suja,20,3,18,2
05-worker-leitura-suja,20,3,19,2
05-worker-leitura-suja,20,4,0,2
05-worker-leitura-suja,20,4,1,2
05-worker-leitura-suja,20,4,2,2
05-worker-leitura-suja,20,4,3,2
05-worker-leitura-suja,20,4,4,2
05-worker-leitura-suja,20,4,5,2
05-worker-leitura-suja,20,4,6,2
05-worker-leitura-suja,20,4,7,2
05-worker-leitura-suja,20,4,8,2
05-worker-leitura-suja,20,4,9,2
05-worker-leitura-suja,20,4,10,2
05-worker-leitura-suja,20,4,11,2
05-worker-leitura-suja,20,4,12,2
05-worker-leitura-suja,20,4,13,2
05-worker-leitura-suja,20,4,14,2
05-worker-leitura-suja,20,4,15,2
05-worker-leitura-suja,20,4,16,2
05-worker-leitura-suja,20,4,17,2
05-worker-leitura-suja,20,4,18,2
05-worker-leitura-suja,20,4,19,2
05-worker-leitura-suja,20,5,0,2
05-worker-leitura-suja,20,5,1,2
05-worker-leitura-suja,20,5,2,2
05-worker-leitura-suja,20,5,3,2
05-worker-leitura-suja,20,5,4,2
05-worker-leitura-suja,20,5,5,2
05-worker-leitura-suja,20,5,6,2
05-worker-leitura-suja,20,5,7,2
05-worker-leitura-suja,20,5,8,2
05-worker-leitura-suja,20,5,9,2
05-worker-leitura-suja,20,5,10,2
05-worker-leitura-suja,20,5,11,2
05-worker-leitura-suja,20,5,12,2
05-worker-leitura-suja,20,5,13,2
05-worker-leitura-suja,20,5,14,2
05-worker-leitura-suja,20,5,15,2
05-worker-leitura-suja,20,5,16,2
05-worker-leitura-suja,20,5,17,2
05-worker-leitura-suja,20,5,18,2
05-worker-leitura-suja,20,5,19,2
05-worker-leitura-suja,20,6,0,2
05-worker-leitura-suja,20,6,1,2
05-worker-leitura-suja,20,6,2,2
05-worker-leitura-suja,20,6,3,2
05-worker-leitura-suja,20,6,4,2
05-worker-leitura-suja,20,6,5,2
05-worker-leitura-suja,20,6,6,2
05-worker-leitura-suja,20,6,7,2
05-worker-leitura-suja,20,6,8,2
05-worker-leitura-suja,20,6,9,2
05-worker-leitura-suja,20,6,10,2
05-worker-leitura-suja,20,6,11,2
05-worker-leitura-suja,20,6,12,2
05-worker-leitura-suja,20,6,13,2
05-worker-leitura-suja,20,6,14,2
05-worker-leitura-suja,20,6,15,2
05-worker-leitura-suja,20,6,16,2
05-worker-leitura-suja,20,6,17,2
05-worker-leitura-suja,20,6,18,2
05-worker-leitura-suja,20,6,19,2
05-worker-leitura-suja,20,7,0,2
05-worker-leitura-suja,20,7,1,2
05-worker-leitura-suja,20,7,2,2
05-worker-leitura-suja,20,7,3,2
05-worker-leitura-suja,20,7,4,2
05-worker-leitura-suja,20,7,5,2
05-worker-leitura-suja,20,7,6,2
05-worker-leitura-suja,20,7,7,2
05-worker-leitura-suja,20,7,8,2
05-worker-leitura-suja,20,7,9,2
05-worker-leitura-suja,20,7,10,2
05-worker-leitura-suja,20,7,11,2
05-worker-leitura-suja,20,7,12,2
05-worker-leitura-suja,20,7,13,2
05-worker-leitura-suja,20,7,14,2
05-worker-leitura-suja,20,7,15,2
05-worker-leitura-suja,20,7,16,2
05-worker-leitura-suja,20,7,17,2
05-worker-leitura-suja,20,7,18,2
05-worker-leitura-suja,20,7,19,2
05-worker-leitura-suja,20,8,0,2
05-worker-leitura-suja,20,8,1,2
05-worker-leitura-suja,20,8,2,2
05-worker-leitura-suja,20,8,3,2
05-worker-leitura-suja,20,8,4,2
05-worker-leitura-suja,20,8,5,2
05-worker-leitura-suja,20,8,6,2
05-worker-leitura-suja,20,8,7,2
05-worker-leitura-suja,20,8,8,2
05-worker-leitura-suja,20,8,9,2
05-worker-leitura-suja,20,8,10,2
05-worker-leitura-suja,20,8,11,2
05-worker-leitura-suja,20,8,12,2
05-worker-leitura-suja,20,8,13,2
05-worker-leitura-suja,20,8,14,2
05-worker-leitura-suja,20,8,15,2
05-worker-leitura-suja,20,8,16,2
05-worker-leitura-suja,20,8,17,2
05-worker-leitura-suja,20,8,18,2
05-worker-leitura-suja,20,8,19,2
05-worker-leitura-suja,20,9,0,2
05-worker-leitura-suja,20,9,1,2
05-worker-leitura-suja,20,9,2,2
05-worker-leitura-suja,20,9,3,2
05-worker-leitura-suja,20,9,4,2
05-worker-leitura-suja,20,9,5,2
05-worker-leitura-suja,20,9,6,2
05-worker-leitura-suja,20,9,7,2
05-worker-leitura-suja,20,9,8,2
05-worker-leitura-suja,20,9,9,2
05-worker-leitura-suja,20,9,10,2
05-worker-leitura-suja,20,9,11,2
05-worker-leitura-suja,20,9,12,2
05-worker-leitura-suja,20,9,13,2
05-worker-leitura-suja,20,9,14,2
05-worker-leitura-suja,20,9,15,2
05-worker-leitura-suja,20,9,16,2
05-worker-leitura-suja,20,9,17,2
05-worker-leitura-suja,20,9,18,2
05-worker-leitura-suja,20,9,19,2
05-worker-leitura-suja,20,10,0,2
05-worker-leitura-suja,20,10,1,2
05-worker-leitura-suja,20,10,2,2
05-worker-leitura-suja,20,10,3,2
05-worker-leitura-suja,20,10,4,2
05-worker-leitura-suja,20,10,5,2
05-worker-leitura-suja,20,10,6,2
05-worker-leitura-suja,20,10,7,2
05-worker-leitura-suja,20,10,8,2
05-worker-leitura-suja,20,10,9,2
05-worker-leitura-suja,20,10,10,2
05-worker-leitura-suja,20,10,11,2
05-worker-leitura-suja,20,10,12,2
05-worker-leitura-suja,20,10,13,2
05-worker-leitura-suja,20,10,14,2
05-worker-leitura-suja,20,10,15,2
05-worker-leitura-suja,20,10,16,2
05-worker-leitura-suja,20,10,17,2
05-worker-leitura-suja,20,10,18,2
05-worker-leitura-suja,20,10,19,2
06-worker-heisenbug-sem-log,1,1,0,200000
06-worker-heisenbug-sem-log,1,2,0,200000
06-worker-heisenbug-sem-log,1,3,0,200000
06-worker-heisenbug-sem-log,1,4,0,200000
06-worker-heisenbug-sem-log,1,5,0,200000
06-worker-heisenbug-sem-log,1,6,0,200000
06-worker-heisenbug-sem-log,1,7,0,200000
06-worker-heisenbug-sem-log,1,8,0,200000
06-worker-heisenbug-sem-log,1,9,0,200000
06-worker-heisenbug-sem-log,1,10,0,200000
06-worker-heisenbug-sem-log,2,1,0,100000
06-worker-heisenbug-sem-log,2,1,1,100000
06-worker-heisenbug-sem-log,2,2,0,100000
06-worker-heisenbug-sem-log,2,2,1,100000
06-worker-heisenbug-sem-log,2,3,0,100000
06-worker-heisenbug-sem-log,2,3,1,100000
06-worker-heisenbug-sem-log,2,4,0,100000
06-worker-heisenbug-sem-log,2,4,1,100000
06-worker-heisenbug-sem-log,2,5,0,100000
06-worker-heisenbug-sem-log,2,5,1,100000
06-worker-heisenbug-sem-log,2,6,0,100000
06-worker-heisenbug-sem-log,2,6,1,100000
06-worker-heisenbug-sem-log,2,7,0,100000
06-worker-heisenbug-sem-log,2,7,1,100000
06-worker-heisenbug-sem-log,2,8,0,100000
06-worker-heisenbug-sem-log,2,8,1,100000
06-worker-heisenbug-sem-log,2,9,0,100000
06-worker-heisenbug-sem-log,2,9,1,100000
06-worker-heisenbug-sem-log,2,10,0,100000
06-worker-heisenbug-sem-log,2,10,1,100000
06-worker-heisenbug-sem-log,4,1,0,50000
06-worker-heisenbug-sem-log,4,1,1,50000
06-worker-heisenbug-sem-log,4,1,2,50000
06-worker-heisenbug-sem-log,4,1,3,50000
06-worker-heisenbug-sem-log,4,2,0,50000
06-worker-heisenbug-sem-log,4,2,1,50000
06-worker-heisenbug-sem-log,4,2,2,50000
06-worker-heisenbug-sem-log,4,2,3,50000
06-worker-heisenbug-sem-log,4,3,0,50000
06-worker-heisenbug-sem-log,4,3,1,50000
06-worker-heisenbug-sem-log,4,3,2,50000
06-worker-heisenbug-sem-log,4,3,3,50000
06-worker-heisenbug-sem-log,4,4,0,50000
06-worker-heisenbug-sem-log,4,4,1,50000
06-worker-heisenbug-sem-log,4,4,2,50000
06-worker-heisenbug-sem-log,4,4,3,50000
06-worker-heisenbug-sem-log,4,5,0,50000
06-worker-heisenbug-sem-log,4,5,1,50000
06-worker-heisenbug-sem-log,4,5,2,50000
06-worker-heisenbug-sem-log,4,5,3,50000
06-worker-heisenbug-sem-log,4,6,0,50000
06-worker-heisenbug-sem-log,4,6,1,50000
06-worker-heisenbug-sem-log,4,6,2,50000
06-worker-heisenbug-sem-log,4,6,3,50000
06-worker-heisenbug-sem-log,4,7,0,50000
06-worker-heisenbug-sem-log,4,7,1,50000
06-worker-heisenbug-sem-log,4,7,2,50000
06-worker-heisenbug-sem-log,4,7,3,50000
06-worker-heisenbug-sem-log,4,8,0,50000
06-worker-heisenbug-sem-log,4,8,1,50000
06-worker-heisenbug-sem-log,4,8,2,50000
06-worker-heisenbug-sem-log,4,8,3,50000
06-worker-heisenbug-sem-log,4,9,0,50000
06-worker-heisenbug-sem-log,4,9,1,50000
06-worker-heisenbug-sem-log,4,9,2,50000
06-worker-heisenbug-sem-log,4,9,3,50000
06-worker-heisenbug-sem-log,4,10,0,50000
06-worker-heisenbug-sem-log,4,10,1,50000
06-worker-heisenbug-sem-log,4,10,2,50000
06-worker-heisenbug-sem-log,4,10,3,50000
06-worker-heisenbug-sem-log,8,1,0,25000
06-worker-heisenbug-sem-log,8,1,1,25000
06-worker-heisenbug-sem-log,8,1,2,25000
06-worker-heisenbug-sem-log,8,1,3,25000
06-worker-heisenbug-sem-log,8,1,4,25000
06-worker-heisenbug-sem-log,8,1,5,25000
06-worker-heisenbug-sem-log,8,1,6,25000
06-worker-heisenbug-sem-log,8,1,7,25000
06-worker-heisenbug-sem-log,8,2,0,25000
06-worker-heisenbug-sem-log,8,2,1,25000
06-worker-heisenbug-sem-log,8,2,2,25000
06-worker-heisenbug-sem-log,8,2,3,25000
06-worker-heisenbug-sem-log,8,2,4,25000
06-worker-heisenbug-sem-log,8,2,5,25000
06-worker-heisenbug-sem-log,8,2,6,25000
06-worker-heisenbug-sem-log,8,2,7,25000
06-worker-heisenbug-sem-log,8,3,0,25000
06-worker-heisenbug-sem-log,8,3,1,25000
06-worker-heisenbug-sem-log,8,3,2,25000
06-worker-heisenbug-sem-log,8,3,3,25000
06-worker-heisenbug-sem-log,8,3,4,25000
06-worker-heisenbug-sem-log,8,3,5,25000
06-worker-heisenbug-sem-log,8,3,6,25000
06-worker-heisenbug-sem-log,8,3,7,25000
06-worker-heisenbug-sem-log,8,4,0,25000
06-worker-heisenbug-sem-log,8,4,1,25000
06-worker-heisenbug-sem-log,8,4,2,25000
06-worker-heisenbug-sem-log,8,4,3,25000
06-worker-heisenbug-sem-log,8,4,4,25000
06-worker-heisenbug-sem-log,8,4,5,25000
06-worker-heisenbug-sem-log,8,4,6,25000
06-worker-heisenbug-sem-log,8,4,7,25000
06-worker-heisenbug-sem-log,8,5,0,25000
06-worker-heisenbug-sem-log,8,5,1,25000
06-worker-heisenbug-sem-log,8,5,2,25000
06-worker-heisenbug-sem-log,8,5,3,25000
06-worker-heisenbug-sem-log,8,5,4,25000
06-worker-heisenbug-sem-log,8,5,5,25000
06-worker-heisenbug-sem-log,8,5,6,25000
06-worker-heisenbug-sem-log,8,5,7,25000
06-worker-heisenbug-sem-log,8,6,0,25000
06-worker-heisenbug-sem-log,8,6,1,25000
06-worker-heisenbug-sem-log,8,6,2,25000
06-worker-heisenbug-sem-log,8,6,3,25000
06-worker-heisenbug-sem-log,8,6,4,25000
06-worker-heisenbug-sem-log,8,6,5,25000
06-worker-heisenbug-sem-log,8,6,6,25000
06-worker-heisenbug-sem-log,8,6,7,25000
06-worker-heisenbug-sem-log,8,7,0,25000
06-worker-heisenbug-sem-log,8,7,1,25000
06-worker-heisenbug-sem-log,8,7,2,25000
06-worker-heisenbug-sem-log,8,7,3,25000
06-worker-heisenbug-sem-log,8,7,4,25000
06-worker-heisenbug-sem-log,8,7,5,25000
06-worker-heisenbug-sem-log,8,7,6,25000
06-worker-heisenbug-sem-log,8,7,7,25000
06-worker-heisenbug-sem-log,8,8,0,25000
06-worker-heisenbug-sem-log,8,8,1,25000
06-worker-heisenbug-sem-log,8,8,2,25000
06-worker-heisenbug-sem-log,8,8,3,25000
06-worker-heisenbug-sem-log,8,8,4,25000
06-worker-heisenbug-sem-log,8,8,5,25000
06-worker-heisenbug-sem-log,8,8,6,25000
06-worker-heisenbug-sem-log,8,8,7,25000
06-worker-heisenbug-sem-log,8,9,0,25000
06-worker-heisenbug-sem-log,8,9,1,25000
06-worker-heisenbug-sem-log,8,9,2,25000
06-worker-heisenbug-sem-log,8,9,3,25000
06-worker-heisenbug-sem-log,8,9,4,25000
06-worker-heisenbug-sem-log,8,9,5,25000
06-worker-heisenbug-sem-log,8,9,6,25000
06-worker-heisenbug-sem-log,8,9,7,25000
06-worker-heisenbug-sem-log,8,10,0,25000
06-worker-heisenbug-sem-log,8,10,1,25000
06-worker-heisenbug-sem-log,8,10,2,25000
06-worker-heisenbug-sem-log,8,10,3,25000
06-worker-heisenbug-sem-log,8,10,4,25000
06-worker-heisenbug-sem-log,8,10,5,25000
06-worker-heisenbug-sem-log,8,10,6,25000
06-worker-heisenbug-sem-log,8,10,7,25000
06-worker-heisenbug-sem-log,10,1,0,20000
06-worker-heisenbug-sem-log,10,1,1,20000
06-worker-heisenbug-sem-log,10,1,2,20000
06-worker-heisenbug-sem-log,10,1,3,20000
06-worker-heisenbug-sem-log,10,1,4,20000
06-worker-heisenbug-sem-log,10,1,5,20000
06-worker-heisenbug-sem-log,10,1,6,20000
06-worker-heisenbug-sem-log,10,1,7,20000
06-worker-heisenbug-sem-log,10,1,8,20000
06-worker-heisenbug-sem-log,10,1,9,20000
06-worker-heisenbug-sem-log,10,2,0,20000
06-worker-heisenbug-sem-log,10,2,1,20000
06-worker-heisenbug-sem-log,10,2,2,20000
06-worker-heisenbug-sem-log,10,2,3,20000
06-worker-heisenbug-sem-log,10,2,4,20000
06-worker-heisenbug-sem-log,10,2,5,20000
06-worker-heisenbug-sem-log,10,2,6,20000
06-worker-heisenbug-sem-log,10,2,7,20000
06-worker-heisenbug-sem-log,10,2,8,20000
06-worker-heisenbug-sem-log,10,2,9,20000
06-worker-heisenbug-sem-log,10,3,0,20000
06-worker-heisenbug-sem-log,10,3,1,20000
06-worker-heisenbug-sem-log,10,3,2,20000
06-worker-heisenbug-sem-log,10,3,3,20000
06-worker-heisenbug-sem-log,10,3,4,20000
06-worker-heisenbug-sem-log,10,3,5,20000
06-worker-heisenbug-sem-log,10,3,6,20000
06-worker-heisenbug-sem-log,10,3,7,20000
06-worker-heisenbug-sem-log,10,3,8,20000
06-worker-heisenbug-sem-log,10,3,9,20000
06-worker-heisenbug-sem-log,10,4,0,20000
06-worker-heisenbug-sem-log,10,4,1,20000
06-worker-heisenbug-sem-log,10,4,2,20000
06-worker-heisenbug-sem-log,10,4,3,20000
06-worker-heisenbug-sem-log,10,4,4,20000
06-worker-heisenbug-sem-log,10,4,5,20000
06-worker-heisenbug-sem-log,10,4,6,20000
06-worker-heisenbug-sem-log,10,4,7,20000
06-worker-heisenbug-sem-log,10,4,8,20000
06-worker-heisenbug-sem-log,10,4,9,20000
06-worker-heisenbug-sem-log,10,5,0,20000
06-worker-heisenbug-sem-log,10,5,1,20000
06-worker-heisenbug-sem-log,10,5,2,20000
06-worker-heisenbug-sem-log,10,5,3,20000
06-worker-heisenbug-sem-log,10,5,4,20000
06-worker-heisenbug-sem-log,10,5,5,20000
06-worker-heisenbug-sem-log,10,5,6,20000
06-worker-heisenbug-sem-log,10,5,7,20000
06-worker-heisenbug-sem-log,10,5,8,20000
06-worker-heisenbug-sem-log,10,5,9,20000
06-worker-heisenbug-sem-log,10,6,0,20000
06-worker-heisenbug-sem-log,10,6,1,20000
06-worker-heisenbug-sem-log,10,6,2,20000
06-worker-heisenbug-sem-log,10,6,3,20000
06-worker-heisenbug-sem-log,10,6,4,20000
06-worker-heisenbug-sem-log,10,6,5,20000
06-worker-heisenbug-sem-log,10,6,6,20000
06-worker-heisenbug-sem-log,10,6,7,20000
06-worker-heisenbug-sem-log,10,6,8,20000
06-worker-heisenbug-sem-log,10,6,9,20000
06-worker-heisenbug-sem-log,10,7,0,20000
06-worker-heisenbug-sem-log,10,7,1,20000
06-worker-heisenbug-sem-log,10,7,2,20000
06-worker-heisenbug-sem-log,10,7,3,20000
06-worker-heisenbug-sem-log,10,7,4,20000
06-worker-heisenbug-sem-log,10,7,5,20000
06-worker-heisenbug-sem-log,10,7,6,20000
06-worker-heisenbug-sem-log,10,7,7,20000
06-worker-heisenbug-sem-log,10,7,8,20000
06-worker-heisenbug-sem-log,10,7,9,20000
06-worker-heisenbug-sem-log,10,8,0,20000
06-worker-heisenbug-sem-log,10,8,1,20000
06-worker-heisenbug-sem-log,10,8,2,20000
06-worker-heisenbug-sem-log,10,8,3,20000
06-worker-heisenbug-sem-log,10,8,4,20000
06-worker-heisenbug-sem-log,10,8,5,20000
06-worker-heisenbug-sem-log,10,8,6,20000
06-worker-heisenbug-sem-log,10,8,7,20000
06-worker-heisenbug-sem-log,10,8,8,20000
06-worker-heisenbug-sem-log,10,8,9,20000
06-worker-heisenbug-sem-log,10,9,0,20000
06-worker-heisenbug-sem-log,10,9,1,20000
06-worker-heisenbug-sem-log,10,9,2,20000
06-worker-heisenbug-sem-log,10,9,3,20000
06-worker-heisenbug-sem-log,10,9,4,20000
06-worker-heisenbug-sem-log,10,9,5,20000
06-worker-heisenbug-sem-log,10,9,6,20000
06-worker-heisenbug-sem-log,10,9,7,20000
06-worker-heisenbug-sem-log,10,9,8,20000
06-worker-heisenbug-sem-log,10,9,9,20000
06-worker-heisenbug-sem-log,10,10,0,20000
06-worker-heisenbug-sem-log,10,10,1,20000
06-worker-heisenbug-sem-log,10,10,2,20000
06-worker-heisenbug-sem-log,10,10,3,20000
06-worker-heisenbug-sem-log,10,10,4,20000
06-worker-heisenbug-sem-log,10,10,5,20000
06-worker-heisenbug-sem-log,10,10,6,20000
06-worker-heisenbug-sem-log,10,10,7,20000
06-worker-heisenbug-sem-log,10,10,8,20000
06-worker-heisenbug-sem-log,10,10,9,20000
06-worker-heisenbug-sem-log,16,1,0,12500
06-worker-heisenbug-sem-log,16,1,1,12500
06-worker-heisenbug-sem-log,16,1,2,12500
06-worker-heisenbug-sem-log,16,1,3,12500
06-worker-heisenbug-sem-log,16,1,4,12500
06-worker-heisenbug-sem-log,16,1,5,12500
06-worker-heisenbug-sem-log,16,1,6,12500
06-worker-heisenbug-sem-log,16,1,7,12500
06-worker-heisenbug-sem-log,16,1,8,12500
06-worker-heisenbug-sem-log,16,1,9,12500
06-worker-heisenbug-sem-log,16,1,10,12500
06-worker-heisenbug-sem-log,16,1,11,12500
06-worker-heisenbug-sem-log,16,1,12,12500
06-worker-heisenbug-sem-log,16,1,13,12500
06-worker-heisenbug-sem-log,16,1,14,12500
06-worker-heisenbug-sem-log,16,1,15,12500
06-worker-heisenbug-sem-log,16,2,0,12500
06-worker-heisenbug-sem-log,16,2,1,12500
06-worker-heisenbug-sem-log,16,2,2,12500
06-worker-heisenbug-sem-log,16,2,3,12500
06-worker-heisenbug-sem-log,16,2,4,12500
06-worker-heisenbug-sem-log,16,2,5,12500
06-worker-heisenbug-sem-log,16,2,6,12500
06-worker-heisenbug-sem-log,16,2,7,12500
06-worker-heisenbug-sem-log,16,2,8,12500
06-worker-heisenbug-sem-log,16,2,9,12500
06-worker-heisenbug-sem-log,16,2,10,12500
06-worker-heisenbug-sem-log,16,2,11,12500
06-worker-heisenbug-sem-log,16,2,12,12500
06-worker-heisenbug-sem-log,16,2,13,12500
06-worker-heisenbug-sem-log,16,2,14,12500
06-worker-heisenbug-sem-log,16,2,15,12500
06-worker-heisenbug-sem-log,16,3,0,12500
06-worker-heisenbug-sem-log,16,3,1,12500
06-worker-heisenbug-sem-log,16,3,2,12500
06-worker-heisenbug-sem-log,16,3,3,12500
06-worker-heisenbug-sem-log,16,3,4,12500
06-worker-heisenbug-sem-log,16,3,5,12500
06-worker-heisenbug-sem-log,16,3,6,12500
06-worker-heisenbug-sem-log,16,3,7,12500
06-worker-heisenbug-sem-log,16,3,8,12500
06-worker-heisenbug-sem-log,16,3,9,12500
06-worker-heisenbug-sem-log,16,3,10,12500
06-worker-heisenbug-sem-log,16,3,11,12500
06-worker-heisenbug-sem-log,16,3,12,12500
06-worker-heisenbug-sem-log,16,3,13,12500
06-worker-heisenbug-sem-log,16,3,14,12500
06-worker-heisenbug-sem-log,16,3,15,12500
06-worker-heisenbug-sem-log,16,4,0,12500
06-worker-heisenbug-sem-log,16,4,1,12500
06-worker-heisenbug-sem-log,16,4,2,12500
06-worker-heisenbug-sem-log,16,4,3,12500
06-worker-heisenbug-sem-log,16,4,4,12500
06-worker-heisenbug-sem-log,16,4,5,12500
06-worker-heisenbug-sem-log,16,4,6,12500
06-worker-heisenbug-sem-log,16,4,7,12500
06-worker-heisenbug-sem-log,16,4,8,12500
06-worker-heisenbug-sem-log,16,4,9,12500
06-worker-heisenbug-sem-log,16,4,10,12500
06-worker-heisenbug-sem-log,16,4,11,12500
06-worker-heisenbug-sem-log,16,4,12,12500
06-worker-heisenbug-sem-log,16,4,13,12500
06-worker-heisenbug-sem-log,16,4,14,12500
06-worker-heisenbug-sem-log,16,4,15,12500
06-worker-heisenbug-sem-log,16,5,0,12500
06-worker-heisenbug-sem-log,16,5,1,12500
06-worker-heisenbug-sem-log,16,5,2,12500
06-worker-heisenbug-sem-log,16,5,3,12500
06-worker-heisenbug-sem-log,16,5,4,12500
06-worker-heisenbug-sem-log,16,5,5,12500
06-worker-heisenbug-sem-log,16,5,6,12500
06-worker-heisenbug-sem-log,16,5,7,12500
06-worker-heisenbug-sem-log,16,5,8,12500
06-worker-heisenbug-sem-log,16,5,9,12500
06-worker-heisenbug-sem-log,16,5,10,12500
06-worker-heisenbug-sem-log,16,5,11,12500
06-worker-heisenbug-sem-log,16,5,12,12500
06-worker-heisenbug-sem-log,16,5,13,12500
06-worker-heisenbug-sem-log,16,5,14,12500
06-worker-heisenbug-sem-log,16,5,15,12500
06-worker-heisenbug-sem-log,16,6,0,12500
06-worker-heisenbug-sem-log,16,6,1,12500
06-worker-heisenbug-sem-log,16,6,2,12500
06-worker-heisenbug-sem-log,16,6,3,12500
06-worker-heisenbug-sem-log,16,6,4,12500
06-worker-heisenbug-sem-log,16,6,5,12500
06-worker-heisenbug-sem-log,16,6,6,12500
06-worker-heisenbug-sem-log,16,6,7,12500
06-worker-heisenbug-sem-log,16,6,8,12500
06-worker-heisenbug-sem-log,16,6,9,12500
06-worker-heisenbug-sem-log,16,6,10,12500
06-worker-heisenbug-sem-log,16,6,11,12500
06-worker-heisenbug-sem-log,16,6,12,12500
06-worker-heisenbug-sem-log,16,6,13,12500
06-worker-heisenbug-sem-log,16,6,14,12500
06-worker-heisenbug-sem-log,16,6,15,12500
06-worker-heisenbug-sem-log,16,7,0,12500
06-worker-heisenbug-sem-log,16,7,1,12500
06-worker-heisenbug-sem-log,16,7,2,12500
06-worker-heisenbug-sem-log,16,7,3,12500
06-worker-heisenbug-sem-log,16,7,4,12500
06-worker-heisenbug-sem-log,16,7,5,12500
06-worker-heisenbug-sem-log,16,7,6,12500
06-worker-heisenbug-sem-log,16,7,7,12500
06-worker-heisenbug-sem-log,16,7,8,12500
06-worker-heisenbug-sem-log,16,7,9,12500
06-worker-heisenbug-sem-log,16,7,10,12500
06-worker-heisenbug-sem-log,16,7,11,12500
06-worker-heisenbug-sem-log,16,7,12,12500
06-worker-heisenbug-sem-log,16,7,13,12500
06-worker-heisenbug-sem-log,16,7,14,12500
06-worker-heisenbug-sem-log,16,7,15,12500
06-worker-heisenbug-sem-log,16,8,0,12500
06-worker-heisenbug-sem-log,16,8,1,12500
06-worker-heisenbug-sem-log,16,8,2,12500
06-worker-heisenbug-sem-log,16,8,3,12500
06-worker-heisenbug-sem-log,16,8,4,12500
06-worker-heisenbug-sem-log,16,8,5,12500
06-worker-heisenbug-sem-log,16,8,6,12500
06-worker-heisenbug-sem-log,16,8,7,12500
06-worker-heisenbug-sem-log,16,8,8,12500
06-worker-heisenbug-sem-log,16,8,9,12500
06-worker-heisenbug-sem-log,16,8,10,12500
06-worker-heisenbug-sem-log,16,8,11,12500
06-worker-heisenbug-sem-log,16,8,12,12500
06-worker-heisenbug-sem-log,16,8,13,12500
06-worker-heisenbug-sem-log,16,8,14,12500
06-worker-heisenbug-sem-log,16,8,15,12500
06-worker-heisenbug-sem-log,16,9,0,12500
06-worker-heisenbug-sem-log,16,9,1,12500
06-worker-heisenbug-sem-log,16,9,2,12500
06-worker-heisenbug-sem-log,16,9,3,12500
06-worker-heisenbug-sem-log,16,9,4,12500
06-worker-heisenbug-sem-log,16,9,5,12500
06-worker-heisenbug-sem-log,16,9,6,12500
06-worker-heisenbug-sem-log,16,9,7,12500
06-worker-heisenbug-sem-log,16,9,8,12500
06-worker-heisenbug-sem-log,16,9,9,12500
06-worker-heisenbug-sem-log,16,9,10,12500
06-worker-heisenbug-sem-log,16,9,11,12500
06-worker-heisenbug-sem-log,16,9,12,12500
06-worker-heisenbug-sem-log,16,9,13,12500
06-worker-heisenbug-sem-log,16,9,14,12500
06-worker-heisenbug-sem-log,16,9,15,12500
06-worker-heisenbug-sem-log,16,10,0,12500
06-worker-heisenbug-sem-log,16,10,1,12500
06-worker-heisenbug-sem-log,16,10,2,12500
06-worker-heisenbug-sem-log,16,10,3,12500
06-worker-heisenbug-sem-log,16,10,4,12500
06-worker-heisenbug-sem-log,16,10,5,12500
06-worker-heisenbug-sem-log,16,10,6,12500
06-worker-heisenbug-sem-log,16,10,7,12500
06-worker-heisenbug-sem-log,16,10,8,12500
06-worker-heisenbug-sem-log,16,10,9,12500
06-worker-heisenbug-sem-log,16,10,10,12500
06-worker-heisenbug-sem-log,16,10,11,12500
06-worker-heisenbug-sem-log,16,10,12,12500
06-worker-heisenbug-sem-log,16,10,13,12500
06-worker-heisenbug-sem-log,16,10,14,12500
06-worker-heisenbug-sem-log,16,10,15,12500
06-worker-heisenbug-sem-log,20,1,0,10000
06-worker-heisenbug-sem-log,20,1,1,10000
06-worker-heisenbug-sem-log,20,1,2,10000
06-worker-heisenbug-sem-log,20,1,3,10000
06-worker-heisenbug-sem-log,20,1,4,10000
06-worker-heisenbug-sem-log,20,1,5,10000
06-worker-heisenbug-sem-log,20,1,6,10000
06-worker-heisenbug-sem-log,20,1,7,10000
06-worker-heisenbug-sem-log,20,1,8,10000
06-worker-heisenbug-sem-log,20,1,9,10000
06-worker-heisenbug-sem-log,20,1,10,10000
06-worker-heisenbug-sem-log,20,1,11,10000
06-worker-heisenbug-sem-log,20,1,12,10000
06-worker-heisenbug-sem-log,20,1,13,10000
06-worker-heisenbug-sem-log,20,1,14,10000
06-worker-heisenbug-sem-log,20,1,15,10000
06-worker-heisenbug-sem-log,20,1,16,10000
06-worker-heisenbug-sem-log,20,1,17,10000
06-worker-heisenbug-sem-log,20,1,18,10000
06-worker-heisenbug-sem-log,20,1,19,10000
06-worker-heisenbug-sem-log,20,2,0,10000
06-worker-heisenbug-sem-log,20,2,1,10000
06-worker-heisenbug-sem-log,20,2,2,10000
06-worker-heisenbug-sem-log,20,2,3,10000
06-worker-heisenbug-sem-log,20,2,4,10000
06-worker-heisenbug-sem-log,20,2,5,10000
06-worker-heisenbug-sem-log,20,2,6,10000
06-worker-heisenbug-sem-log,20,2,7,10000
06-worker-heisenbug-sem-log,20,2,8,10000
06-worker-heisenbug-sem-log,20,2,9,10000
06-worker-heisenbug-sem-log,20,2,10,10000
06-worker-heisenbug-sem-log,20,2,11,10000
06-worker-heisenbug-sem-log,20,2,12,10000
06-worker-heisenbug-sem-log,20,2,13,10000
06-worker-heisenbug-sem-log,20,2,14,10000
06-worker-heisenbug-sem-log,20,2,15,10000
06-worker-heisenbug-sem-log,20,2,16,10000
06-worker-heisenbug-sem-log,20,2,17,10000
06-worker-heisenbug-sem-log,20,2,18,10000
06-worker-heisenbug-sem-log,20,2,19,10000
06-worker-heisenbug-sem-log,20,3,0,10000
06-worker-heisenbug-sem-log,20,3,1,10000
06-worker-heisenbug-sem-log,20,3,2,10000
06-worker-heisenbug-sem-log,20,3,3,10000
06-worker-heisenbug-sem-log,20,3,4,10000
06-worker-heisenbug-sem-log,20,3,5,10000
06-worker-heisenbug-sem-log,20,3,6,10000
06-worker-heisenbug-sem-log,20,3,7,10000
06-worker-heisenbug-sem-log,20,3,8,10000
06-worker-heisenbug-sem-log,20,3,9,10000
06-worker-heisenbug-sem-log,20,3,10,10000
06-worker-heisenbug-sem-log,20,3,11,10000
06-worker-heisenbug-sem-log,20,3,12,10000
06-worker-heisenbug-sem-log,20,3,13,10000
06-worker-heisenbug-sem-log,20,3,14,10000
06-worker-heisenbug-sem-log,20,3,15,10000
06-worker-heisenbug-sem-log,20,3,16,10000
06-worker-heisenbug-sem-log,20,3,17,10000
06-worker-heisenbug-sem-log,20,3,18,10000
06-worker-heisenbug-sem-log,20,3,19,10000
06-worker-heisenbug-sem-log,20,4,0,10000
06-worker-heisenbug-sem-log,20,4,1,10000
06-worker-heisenbug-sem-log,20,4,2,10000
06-worker-heisenbug-sem-log,20,4,3,10000
06-worker-heisenbug-sem-log,20,4,4,10000
06-worker-heisenbug-sem-log,20,4,5,10000
06-worker-heisenbug-sem-log,20,4,6,10000
06-worker-heisenbug-sem-log,20,4,7,10000
06-worker-heisenbug-sem-log,20,4,8,10000
06-worker-heisenbug-sem-log,20,4,9,10000
06-worker-heisenbug-sem-log,20,4,10,10000
06-worker-heisenbug-sem-log,20,4,11,10000
06-worker-heisenbug-sem-log,20,4,12,10000
06-worker-heisenbug-sem-log,20,4,13,10000
06-worker-heisenbug-sem-log,20,4,14,10000
06-worker-heisenbug-sem-log,20,4,15,10000
06-worker-heisenbug-sem-log,20,4,16,10000
06-worker-heisenbug-sem-log,20,4,17,10000
06-worker-heisenbug-sem-log,20,4,18,10000
06-worker-heisenbug-sem-log,20,4,19,10000
06-worker-heisenbug-sem-log,20,5,0,10000
06-worker-heisenbug-sem-log,20,5,1,10000
06-worker-heisenbug-sem-log,20,5,2,10000
06-worker-heisenbug-sem-log,20,5,3,10000
06-worker-heisenbug-sem-log,20,5,4,10000
06-worker-heisenbug-sem-log,20,5,5,10000
06-worker-heisenbug-sem-log,20,5,6,10000
06-worker-heisenbug-sem-log,20,5,7,10000
06-worker-heisenbug-sem-log,20,5,8,10000
06-worker-heisenbug-sem-log,20,5,9,10000
06-worker-heisenbug-sem-log,20,5,10,10000
06-worker-heisenbug-sem-log,20,5,11,10000
06-worker-heisenbug-sem-log,20,5,12,10000
06-worker-heisenbug-sem-log,20,5,13,10000
06-worker-heisenbug-sem-log,20,5,14,10000
06-worker-heisenbug-sem-log,20,5,15,10000
06-worker-heisenbug-sem-log,20,5,16,10000
06-worker-heisenbug-sem-log,20,5,17,10000
06-worker-heisenbug-sem-log,20,5,18,10000
06-worker-heisenbug-sem-log,20,5,19,10000
06-worker-heisenbug-sem-log,20,6,0,10000
06-worker-heisenbug-sem-log,20,6,1,10000
06-worker-heisenbug-sem-log,20,6,2,10000
06-worker-heisenbug-sem-log,20,6,3,10000
06-worker-heisenbug-sem-log,20,6,4,10000
06-worker-heisenbug-sem-log,20,6,5,10000
06-worker-heisenbug-sem-log,20,6,6,10000
06-worker-heisenbug-sem-log,20,6,7,10000
06-worker-heisenbug-sem-log,20,6,8,10000
06-worker-heisenbug-sem-log,20,6,9,10000
06-worker-heisenbug-sem-log,20,6,10,10000
06-worker-heisenbug-sem-log,20,6,11,10000
06-worker-heisenbug-sem-log,20,6,12,10000
06-worker-heisenbug-sem-log,20,6,13,10000
06-worker-heisenbug-sem-log,20,6,14,10000
06-worker-heisenbug-sem-log,20,6,15,10000
06-worker-heisenbug-sem-log,20,6,16,10000
06-worker-heisenbug-sem-log,20,6,17,10000
06-worker-heisenbug-sem-log,20,6,18,10000
06-worker-heisenbug-sem-log,20,6,19,10000
06-worker-heisenbug-sem-log,20,7,0,10000
06-worker-heisenbug-sem-log,20,7,1,10000
06-worker-heisenbug-sem-log,20,7,2,10000
06-worker-heisenbug-sem-log,20,7,3,10000
06-worker-heisenbug-sem-log,20,7,4,10000
06-worker-heisenbug-sem-log,20,7,5,10000
06-worker-heisenbug-sem-log,20,7,6,10000
06-worker-heisenbug-sem-log,20,7,7,10000
06-worker-heisenbug-sem-log,20,7,8,10000
06-worker-heisenbug-sem-log,20,7,9,10000
06-worker-heisenbug-sem-log,20,7,10,10000
06-worker-heisenbug-sem-log,20,7,11,10000
06-worker-heisenbug-sem-log,20,7,12,10000
06-worker-heisenbug-sem-log,20,7,13,10000
06-worker-heisenbug-sem-log,20,7,14,10000
06-worker-heisenbug-sem-log,20,7,15,10000
06-worker-heisenbug-sem-log,20,7,16,10000
06-worker-heisenbug-sem-log,20,7,17,10000
06-worker-heisenbug-sem-log,20,7,18,10000
06-worker-heisenbug-sem-log,20,7,19,10000
06-worker-heisenbug-sem-log,20,8,0,10000
06-worker-heisenbug-sem-log,20,8,1,10000
06-worker-heisenbug-sem-log,20,8,2,10000
06-worker-heisenbug-sem-log,20,8,3,10000
06-worker-heisenbug-sem-log,20,8,4,10000
06-worker-heisenbug-sem-log,20,8,5,10000
06-worker-heisenbug-sem-log,20,8,6,10000
06-worker-heisenbug-sem-log,20,8,7,10000
06-worker-heisenbug-sem-log,20,8,8,10000
06-worker-heisenbug-sem-log,20,8,9,10000
06-worker-heisenbug-sem-log,20,8,10,10000
06-worker-heisenbug-sem-log,20,8,11,10000
06-worker-heisenbug-sem-log,20,8,12,10000
06-worker-heisenbug-sem-log,20,8,13,10000
06-worker-heisenbug-sem-log,20,8,14,10000
06-worker-heisenbug-sem-log,20,8,15,10000
06-worker-heisenbug-sem-log,20,8,16,10000
06-worker-heisenbug-sem-log,20,8,17,10000
06-worker-heisenbug-sem-log,20,8,18,10000
06-worker-heisenbug-sem-log,20,8,19,10000
06-worker-heisenbug-sem-log,20,9,0,10000
06-worker-heisenbug-sem-log,20,9,1,10000
06-worker-heisenbug-sem-log,20,9,2,10000
06-worker-heisenbug-sem-log,20,9,3,10000
06-worker-heisenbug-sem-log,20,9,4,10000
06-worker-heisenbug-sem-log,20,9,5,10000
06-worker-heisenbug-sem-log,20,9,6,10000
06-worker-heisenbug-sem-log,20,9,7,10000
06-worker-heisenbug-sem-log,20,9,8,10000
06-worker-heisenbug-sem-log,20,9,9,10000
06-worker-heisenbug-sem-log,20,9,10,10000
06-worker-heisenbug-sem-log,20,9,11,10000
06-worker-heisenbug-sem-log,20,9,12,10000
06-worker-heisenbug-sem-log,20,9,13,10000
06-worker-heisenbug-sem-log,20,9,14,10000
06-worker-heisenbug-sem-log,20,9,15,10000
06-worker-heisenbug-sem-log,20,9,16,10000
06-worker-heisenbug-sem-log,20,9,17,10000
06-worker-heisenbug-sem-log,20,9,18,10000
06-worker-heisenbug-sem-log,20,9,19,10000
06-worker-heisenbug-sem-log,20,10,0,10000
06-worker-heisenbug-sem-log,20,10,1,10000
06-worker-heisenbug-sem-log,20,10,2,10000
06-worker-heisenbug-sem-log,20,10,3,10000
06-worker-heisenbug-sem-log,20,10,4,10000
06-worker-heisenbug-sem-log,20,10,5,10000
06-worker-heisenbug-sem-log,20,10,6,10000
06-worker-heisenbug-sem-log,20,10,7,10000
06-worker-heisenbug-sem-log,20,10,8,10000
06-worker-heisenbug-sem-log,20,10,9,10000
06-worker-heisenbug-sem-log,20,10,10,10000
06-worker-heisenbug-sem-log,20,10,11,10000
06-worker-heisenbug-sem-log,20,10,12,10000
06-worker-heisenbug-sem-log,20,10,13,10000
06-worker-heisenbug-sem-log,20,10,14,10000
06-worker-heisenbug-sem-log,20,10,15,10000
06-worker-heisenbug-sem-log,20,10,16,10000
06-worker-heisenbug-sem-log,20,10,17,10000
06-worker-heisenbug-sem-log,20,10,18,10000
06-worker-heisenbug-sem-log,20,10,19,10000
06-worker-heisenbug-com-log,1,1,0,200000
06-worker-heisenbug-com-log,1,2,0,200000
06-worker-heisenbug-com-log,1,3,0,200000
06-worker-heisenbug-com-log,1,4,0,200000
06-worker-heisenbug-com-log,1,5,0,200000
06-worker-heisenbug-com-log,1,6,0,200000
06-worker-heisenbug-com-log,1,7,0,200000
06-worker-heisenbug-com-log,1,8,0,200000
06-worker-heisenbug-com-log,1,9,0,200000
06-worker-heisenbug-com-log,1,10,0,200000
06-worker-heisenbug-com-log,2,1,0,100000
06-worker-heisenbug-com-log,2,1,1,100000
06-worker-heisenbug-com-log,2,2,0,100000
06-worker-heisenbug-com-log,2,2,1,100000
06-worker-heisenbug-com-log,2,3,0,100000
06-worker-heisenbug-com-log,2,3,1,100000
06-worker-heisenbug-com-log,2,4,0,100000
06-worker-heisenbug-com-log,2,4,1,100000
06-worker-heisenbug-com-log,2,5,0,100000
06-worker-heisenbug-com-log,2,5,1,100000
06-worker-heisenbug-com-log,2,6,0,100000
06-worker-heisenbug-com-log,2,6,1,100000
06-worker-heisenbug-com-log,2,7,0,100000
06-worker-heisenbug-com-log,2,7,1,100000
06-worker-heisenbug-com-log,2,8,0,100000
06-worker-heisenbug-com-log,2,8,1,100000
06-worker-heisenbug-com-log,2,9,0,100000
06-worker-heisenbug-com-log,2,9,1,100000
06-worker-heisenbug-com-log,2,10,0,100000
06-worker-heisenbug-com-log,2,10,1,100000
06-worker-heisenbug-com-log,4,1,0,50000
06-worker-heisenbug-com-log,4,1,1,50000
06-worker-heisenbug-com-log,4,1,2,50000
06-worker-heisenbug-com-log,4,1,3,50000
06-worker-heisenbug-com-log,4,2,0,50000
06-worker-heisenbug-com-log,4,2,1,50000
06-worker-heisenbug-com-log,4,2,2,50000
06-worker-heisenbug-com-log,4,2,3,50000
06-worker-heisenbug-com-log,4,3,0,50000
06-worker-heisenbug-com-log,4,3,1,50000
06-worker-heisenbug-com-log,4,3,2,50000
06-worker-heisenbug-com-log,4,3,3,50000
06-worker-heisenbug-com-log,4,4,0,50000
06-worker-heisenbug-com-log,4,4,1,50000
06-worker-heisenbug-com-log,4,4,2,50000
06-worker-heisenbug-com-log,4,4,3,50000
06-worker-heisenbug-com-log,4,5,0,50000
06-worker-heisenbug-com-log,4,5,1,50000
06-worker-heisenbug-com-log,4,5,2,50000
06-worker-heisenbug-com-log,4,5,3,50000
06-worker-heisenbug-com-log,4,6,0,50000
06-worker-heisenbug-com-log,4,6,1,50000
06-worker-heisenbug-com-log,4,6,2,50000
06-worker-heisenbug-com-log,4,6,3,50000
06-worker-heisenbug-com-log,4,7,0,50000
06-worker-heisenbug-com-log,4,7,1,50000
06-worker-heisenbug-com-log,4,7,2,50000
06-worker-heisenbug-com-log,4,7,3,50000
06-worker-heisenbug-com-log,4,8,0,50000
06-worker-heisenbug-com-log,4,8,1,50000
06-worker-heisenbug-com-log,4,8,2,50000
06-worker-heisenbug-com-log,4,8,3,50000
06-worker-heisenbug-com-log,4,9,0,50000
06-worker-heisenbug-com-log,4,9,1,50000
06-worker-heisenbug-com-log,4,9,2,50000
06-worker-heisenbug-com-log,4,9,3,50000
06-worker-heisenbug-com-log,4,10,0,50000
06-worker-heisenbug-com-log,4,10,1,50000
06-worker-heisenbug-com-log,4,10,2,50000
06-worker-heisenbug-com-log,4,10,3,50000
06-worker-heisenbug-com-log,8,1,0,25000
06-worker-heisenbug-com-log,8,1,1,25000
06-worker-heisenbug-com-log,8,1,2,25000
06-worker-heisenbug-com-log,8,1,3,25000
06-worker-heisenbug-com-log,8,1,4,25000
06-worker-heisenbug-com-log,8,1,5,25000
06-worker-heisenbug-com-log,8,1,6,25000
06-worker-heisenbug-com-log,8,1,7,25000
06-worker-heisenbug-com-log,8,2,0,25000
06-worker-heisenbug-com-log,8,2,1,25000
06-worker-heisenbug-com-log,8,2,2,25000
06-worker-heisenbug-com-log,8,2,3,25000
06-worker-heisenbug-com-log,8,2,4,25000
06-worker-heisenbug-com-log,8,2,5,25000
06-worker-heisenbug-com-log,8,2,6,25000
06-worker-heisenbug-com-log,8,2,7,25000
06-worker-heisenbug-com-log,8,3,0,25000
06-worker-heisenbug-com-log,8,3,1,25000
06-worker-heisenbug-com-log,8,3,2,25000
06-worker-heisenbug-com-log,8,3,3,25000
06-worker-heisenbug-com-log,8,3,4,25000
06-worker-heisenbug-com-log,8,3,5,25000
06-worker-heisenbug-com-log,8,3,6,25000
06-worker-heisenbug-com-log,8,3,7,25000
06-worker-heisenbug-com-log,8,4,0,25000
06-worker-heisenbug-com-log,8,4,1,25000
06-worker-heisenbug-com-log,8,4,2,25000
06-worker-heisenbug-com-log,8,4,3,25000
06-worker-heisenbug-com-log,8,4,4,25000
06-worker-heisenbug-com-log,8,4,5,25000
06-worker-heisenbug-com-log,8,4,6,25000
06-worker-heisenbug-com-log,8,4,7,25000
06-worker-heisenbug-com-log,8,5,0,25000
06-worker-heisenbug-com-log,8,5,1,25000
06-worker-heisenbug-com-log,8,5,2,25000
06-worker-heisenbug-com-log,8,5,3,25000
06-worker-heisenbug-com-log,8,5,4,25000
06-worker-heisenbug-com-log,8,5,5,25000
06-worker-heisenbug-com-log,8,5,6,25000
06-worker-heisenbug-com-log,8,5,7,25000
06-worker-heisenbug-com-log,8,6,0,25000
06-worker-heisenbug-com-log,8,6,1,25000
06-worker-heisenbug-com-log,8,6,2,25000
06-worker-heisenbug-com-log,8,6,3,25000
06-worker-heisenbug-com-log,8,6,4,25000
06-worker-heisenbug-com-log,8,6,5,25000
06-worker-heisenbug-com-log,8,6,6,25000
06-worker-heisenbug-com-log,8,6,7,25000
06-worker-heisenbug-com-log,8,7,0,25000
06-worker-heisenbug-com-log,8,7,1,25000
06-worker-heisenbug-com-log,8,7,2,25000
06-worker-heisenbug-com-log,8,7,3,25000
06-worker-heisenbug-com-log,8,7,4,25000
06-worker-heisenbug-com-log,8,7,5,25000
06-worker-heisenbug-com-log,8,7,6,25000
06-worker-heisenbug-com-log,8,7,7,25000
06-worker-heisenbug-com-log,8,8,0,25000
06-worker-heisenbug-com-log,8,8,1,25000
06-worker-heisenbug-com-log,8,8,2,25000
06-worker-heisenbug-com-log,8,8,3,25000
06-worker-heisenbug-com-log,8,8,4,25000
06-worker-heisenbug-com-log,8,8,5,25000
06-worker-heisenbug-com-log,8,8,6,25000
06-worker-heisenbug-com-log,8,8,7,25000
06-worker-heisenbug-com-log,8,9,0,25000
06-worker-heisenbug-com-log,8,9,1,25000
06-worker-heisenbug-com-log,8,9,2,25000
06-worker-heisenbug-com-log,8,9,3,25000
06-worker-heisenbug-com-log,8,9,4,25000
06-worker-heisenbug-com-log,8,9,5,25000
06-worker-heisenbug-com-log,8,9,6,25000
06-worker-heisenbug-com-log,8,9,7,25000
06-worker-heisenbug-com-log,8,10,0,25000
06-worker-heisenbug-com-log,8,10,1,25000
06-worker-heisenbug-com-log,8,10,2,25000
06-worker-heisenbug-com-log,8,10,3,25000
06-worker-heisenbug-com-log,8,10,4,25000
06-worker-heisenbug-com-log,8,10,5,25000
06-worker-heisenbug-com-log,8,10,6,25000
06-worker-heisenbug-com-log,8,10,7,25000
06-worker-heisenbug-com-log,10,1,0,20000
06-worker-heisenbug-com-log,10,1,1,20000
06-worker-heisenbug-com-log,10,1,2,20000
06-worker-heisenbug-com-log,10,1,3,20000
06-worker-heisenbug-com-log,10,1,4,20000
06-worker-heisenbug-com-log,10,1,5,20000
06-worker-heisenbug-com-log,10,1,6,20000
06-worker-heisenbug-com-log,10,1,7,20000
06-worker-heisenbug-com-log,10,1,8,20000
06-worker-heisenbug-com-log,10,1,9,20000
06-worker-heisenbug-com-log,10,2,0,20000
06-worker-heisenbug-com-log,10,2,1,20000
06-worker-heisenbug-com-log,10,2,2,20000
06-worker-heisenbug-com-log,10,2,3,20000
06-worker-heisenbug-com-log,10,2,4,20000
06-worker-heisenbug-com-log,10,2,5,20000
06-worker-heisenbug-com-log,10,2,6,20000
06-worker-heisenbug-com-log,10,2,7,20000
06-worker-heisenbug-com-log,10,2,8,20000
06-worker-heisenbug-com-log,10,2,9,20000
06-worker-heisenbug-com-log,10,3,0,20000
06-worker-heisenbug-com-log,10,3,1,20000
06-worker-heisenbug-com-log,10,3,2,20000
06-worker-heisenbug-com-log,10,3,3,20000
06-worker-heisenbug-com-log,10,3,4,20000
06-worker-heisenbug-com-log,10,3,5,20000
06-worker-heisenbug-com-log,10,3,6,20000
06-worker-heisenbug-com-log,10,3,7,20000
06-worker-heisenbug-com-log,10,3,8,20000
06-worker-heisenbug-com-log,10,3,9,20000
06-worker-heisenbug-com-log,10,4,0,20000
06-worker-heisenbug-com-log,10,4,1,20000
06-worker-heisenbug-com-log,10,4,2,20000
06-worker-heisenbug-com-log,10,4,3,20000
06-worker-heisenbug-com-log,10,4,4,20000
06-worker-heisenbug-com-log,10,4,5,20000
06-worker-heisenbug-com-log,10,4,6,20000
06-worker-heisenbug-com-log,10,4,7,20000
06-worker-heisenbug-com-log,10,4,8,20000
06-worker-heisenbug-com-log,10,4,9,20000
06-worker-heisenbug-com-log,10,5,0,20000
06-worker-heisenbug-com-log,10,5,1,20000
06-worker-heisenbug-com-log,10,5,2,20000
06-worker-heisenbug-com-log,10,5,3,20000
06-worker-heisenbug-com-log,10,5,4,20000
06-worker-heisenbug-com-log,10,5,5,20000
06-worker-heisenbug-com-log,10,5,6,20000
06-worker-heisenbug-com-log,10,5,7,20000
06-worker-heisenbug-com-log,10,5,8,20000
06-worker-heisenbug-com-log,10,5,9,20000
06-worker-heisenbug-com-log,10,6,0,20000
06-worker-heisenbug-com-log,10,6,1,20000
06-worker-heisenbug-com-log,10,6,2,20000
06-worker-heisenbug-com-log,10,6,3,20000
06-worker-heisenbug-com-log,10,6,4,20000
06-worker-heisenbug-com-log,10,6,5,20000
06-worker-heisenbug-com-log,10,6,6,20000
06-worker-heisenbug-com-log,10,6,7,20000
06-worker-heisenbug-com-log,10,6,8,20000
06-worker-heisenbug-com-log,10,6,9,20000
06-worker-heisenbug-com-log,10,7,0,20000
06-worker-heisenbug-com-log,10,7,1,20000
06-worker-heisenbug-com-log,10,7,2,20000
06-worker-heisenbug-com-log,10,7,3,20000
06-worker-heisenbug-com-log,10,7,4,20000
06-worker-heisenbug-com-log,10,7,5,20000
06-worker-heisenbug-com-log,10,7,6,20000
06-worker-heisenbug-com-log,10,7,7,20000
06-worker-heisenbug-com-log,10,7,8,20000
06-worker-heisenbug-com-log,10,7,9,20000
06-worker-heisenbug-com-log,10,8,0,20000
06-worker-heisenbug-com-log,10,8,1,20000
06-worker-heisenbug-com-log,10,8,2,20000
06-worker-heisenbug-com-log,10,8,3,20000
06-worker-heisenbug-com-log,10,8,4,20000
06-worker-heisenbug-com-log,10,8,5,20000
06-worker-heisenbug-com-log,10,8,6,20000
06-worker-heisenbug-com-log,10,8,7,20000
06-worker-heisenbug-com-log,10,8,8,20000
06-worker-heisenbug-com-log,10,8,9,20000
06-worker-heisenbug-com-log,10,9,0,20000
06-worker-heisenbug-com-log,10,9,1,20000
06-worker-heisenbug-com-log,10,9,2,20000
06-worker-heisenbug-com-log,10,9,3,20000
06-worker-heisenbug-com-log,10,9,4,20000
06-worker-heisenbug-com-log,10,9,5,20000
06-worker-heisenbug-com-log,10,9,6,20000
06-worker-heisenbug-com-log,10,9,7,20000
06-worker-heisenbug-com-log,10,9,8,20000
06-worker-heisenbug-com-log,10,9,9,20000
06-worker-heisenbug-com-log,10,10,0,20000
06-worker-heisenbug-com-log,10,10,1,20000
06-worker-heisenbug-com-log,10,10,2,20000
06-worker-heisenbug-com-log,10,10,3,20000
06-worker-heisenbug-com-log,10,10,4,20000
06-worker-heisenbug-com-log,10,10,5,20000
06-worker-heisenbug-com-log,10,10,6,20000
06-worker-heisenbug-com-log,10,10,7,20000
06-worker-heisenbug-com-log,10,10,8,20000
06-worker-heisenbug-com-log,10,10,9,20000
06-worker-heisenbug-com-log,16,1,0,12500
06-worker-heisenbug-com-log,16,1,1,12500
06-worker-heisenbug-com-log,16,1,2,12500
06-worker-heisenbug-com-log,16,1,3,12500
06-worker-heisenbug-com-log,16,1,4,12500
06-worker-heisenbug-com-log,16,1,5,12500
06-worker-heisenbug-com-log,16,1,6,12500
06-worker-heisenbug-com-log,16,1,7,12500
06-worker-heisenbug-com-log,16,1,8,12500
06-worker-heisenbug-com-log,16,1,9,12500
06-worker-heisenbug-com-log,16,1,10,12500
06-worker-heisenbug-com-log,16,1,11,12500
06-worker-heisenbug-com-log,16,1,12,12500
06-worker-heisenbug-com-log,16,1,13,12500
06-worker-heisenbug-com-log,16,1,14,12500
06-worker-heisenbug-com-log,16,1,15,12500
06-worker-heisenbug-com-log,16,2,0,12500
06-worker-heisenbug-com-log,16,2,1,12500
06-worker-heisenbug-com-log,16,2,2,12500
06-worker-heisenbug-com-log,16,2,3,12500
06-worker-heisenbug-com-log,16,2,4,12500
06-worker-heisenbug-com-log,16,2,5,12500
06-worker-heisenbug-com-log,16,2,6,12500
06-worker-heisenbug-com-log,16,2,7,12500
06-worker-heisenbug-com-log,16,2,8,12500
06-worker-heisenbug-com-log,16,2,9,12500
06-worker-heisenbug-com-log,16,2,10,12500
06-worker-heisenbug-com-log,16,2,11,12500
06-worker-heisenbug-com-log,16,2,12,12500
06-worker-heisenbug-com-log,16,2,13,12500
06-worker-heisenbug-com-log,16,2,14,12500
06-worker-heisenbug-com-log,16,2,15,12500
06-worker-heisenbug-com-log,16,3,0,12500
06-worker-heisenbug-com-log,16,3,1,12500
06-worker-heisenbug-com-log,16,3,2,12500
06-worker-heisenbug-com-log,16,3,3,12500
06-worker-heisenbug-com-log,16,3,4,12500
06-worker-heisenbug-com-log,16,3,5,12500
06-worker-heisenbug-com-log,16,3,6,12500
06-worker-heisenbug-com-log,16,3,7,12500
06-worker-heisenbug-com-log,16,3,8,12500
06-worker-heisenbug-com-log,16,3,9,12500
06-worker-heisenbug-com-log,16,3,10,12500
06-worker-heisenbug-com-log,16,3,11,12500
06-worker-heisenbug-com-log,16,3,12,12500
06-worker-heisenbug-com-log,16,3,13,12500
06-worker-heisenbug-com-log,16,3,14,12500
06-worker-heisenbug-com-log,16,3,15,12500
06-worker-heisenbug-com-log,16,4,0,12500
06-worker-heisenbug-com-log,16,4,1,12500
06-worker-heisenbug-com-log,16,4,2,12500
06-worker-heisenbug-com-log,16,4,3,12500
06-worker-heisenbug-com-log,16,4,4,12500
06-worker-heisenbug-com-log,16,4,5,12500
06-worker-heisenbug-com-log,16,4,6,12500
06-worker-heisenbug-com-log,16,4,7,12500
06-worker-heisenbug-com-log,16,4,8,12500
06-worker-heisenbug-com-log,16,4,9,12500
06-worker-heisenbug-com-log,16,4,10,12500
06-worker-heisenbug-com-log,16,4,11,12500
06-worker-heisenbug-com-log,16,4,12,12500
06-worker-heisenbug-com-log,16,4,13,12500
06-worker-heisenbug-com-log,16,4,14,12500
06-worker-heisenbug-com-log,16,4,15,12500
06-worker-heisenbug-com-log,16,5,0,12500
06-worker-heisenbug-com-log,16,5,1,12500
06-worker-heisenbug-com-log,16,5,2,12500
06-worker-heisenbug-com-log,16,5,3,12500
06-worker-heisenbug-com-log,16,5,4,12500
06-worker-heisenbug-com-log,16,5,5,12500
06-worker-heisenbug-com-log,16,5,6,12500
06-worker-heisenbug-com-log,16,5,7,12500
06-worker-heisenbug-com-log,16,5,8,12500
06-worker-heisenbug-com-log,16,5,9,12500
06-worker-heisenbug-com-log,16,5,10,12500
06-worker-heisenbug-com-log,16,5,11,12500
06-worker-heisenbug-com-log,16,5,12,12500
06-worker-heisenbug-com-log,16,5,13,12500
06-worker-heisenbug-com-log,16,5,14,12500
06-worker-heisenbug-com-log,16,5,15,12500
06-worker-heisenbug-com-log,16,6,0,12500
06-worker-heisenbug-com-log,16,6,1,12500
06-worker-heisenbug-com-log,16,6,2,12500
06-worker-heisenbug-com-log,16,6,3,12500
06-worker-heisenbug-com-log,16,6,4,12500
06-worker-heisenbug-com-log,16,6,5,12500
06-worker-heisenbug-com-log,16,6,6,12500
06-worker-heisenbug-com-log,16,6,7,12500
06-worker-heisenbug-com-log,16,6,8,12500
06-worker-heisenbug-com-log,16,6,9,12500
06-worker-heisenbug-com-log,16,6,10,12500
06-worker-heisenbug-com-log,16,6,11,12500
06-worker-heisenbug-com-log,16,6,12,12500
06-worker-heisenbug-com-log,16,6,13,12500
06-worker-heisenbug-com-log,16,6,14,12500
06-worker-heisenbug-com-log,16,6,15,12500
06-worker-heisenbug-com-log,16,7,0,12500
06-worker-heisenbug-com-log,16,7,1,12500
06-worker-heisenbug-com-log,16,7,2,12500
06-worker-heisenbug-com-log,16,7,3,12500
06-worker-heisenbug-com-log,16,7,4,12500
06-worker-heisenbug-com-log,16,7,5,12500
06-worker-heisenbug-com-log,16,7,6,12500
06-worker-heisenbug-com-log,16,7,7,12500
06-worker-heisenbug-com-log,16,7,8,12500
06-worker-heisenbug-com-log,16,7,9,12500
06-worker-heisenbug-com-log,16,7,10,12500
06-worker-heisenbug-com-log,16,7,11,12500
06-worker-heisenbug-com-log,16,7,12,12500
06-worker-heisenbug-com-log,16,7,13,12500
06-worker-heisenbug-com-log,16,7,14,12500
06-worker-heisenbug-com-log,16,7,15,12500
06-worker-heisenbug-com-log,16,8,0,12500
06-worker-heisenbug-com-log,16,8,1,12500
06-worker-heisenbug-com-log,16,8,2,12500
06-worker-heisenbug-com-log,16,8,3,12500
06-worker-heisenbug-com-log,16,8,4,12500
06-worker-heisenbug-com-log,16,8,5,12500
06-worker-heisenbug-com-log,16,8,6,12500
06-worker-heisenbug-com-log,16,8,7,12500
06-worker-heisenbug-com-log,16,8,8,12500
06-worker-heisenbug-com-log,16,8,9,12500
06-worker-heisenbug-com-log,16,8,10,12500
06-worker-heisenbug-com-log,16,8,11,12500
06-worker-heisenbug-com-log,16,8,12,12500
06-worker-heisenbug-com-log,16,8,13,12500
06-worker-heisenbug-com-log,16,8,14,12500
06-worker-heisenbug-com-log,16,8,15,12500
06-worker-heisenbug-com-log,16,9,0,12500
06-worker-heisenbug-com-log,16,9,1,12500
06-worker-heisenbug-com-log,16,9,2,12500
06-worker-heisenbug-com-log,16,9,3,12500
06-worker-heisenbug-com-log,16,9,4,12500
06-worker-heisenbug-com-log,16,9,5,12500
06-worker-heisenbug-com-log,16,9,6,12500
06-worker-heisenbug-com-log,16,9,7,12500
06-worker-heisenbug-com-log,16,9,8,12500
06-worker-heisenbug-com-log,16,9,9,12500
06-worker-heisenbug-com-log,16,9,10,12500
06-worker-heisenbug-com-log,16,9,11,12500
06-worker-heisenbug-com-log,16,9,12,12500
06-worker-heisenbug-com-log,16,9,13,12500
06-worker-heisenbug-com-log,16,9,14,12500
06-worker-heisenbug-com-log,16,9,15,12500
06-worker-heisenbug-com-log,16,10,0,12500
06-worker-heisenbug-com-log,16,10,1,12500
06-worker-heisenbug-com-log,16,10,2,12500
06-worker-heisenbug-com-log,16,10,3,12500
06-worker-heisenbug-com-log,16,10,4,12500
06-worker-heisenbug-com-log,16,10,5,12500
06-worker-heisenbug-com-log,16,10,6,12500
06-worker-heisenbug-com-log,16,10,7,12500
06-worker-heisenbug-com-log,16,10,8,12500
06-worker-heisenbug-com-log,16,10,9,12500
06-worker-heisenbug-com-log,16,10,10,12500
06-worker-heisenbug-com-log,16,10,11,12500
06-worker-heisenbug-com-log,16,10,12,12500
06-worker-heisenbug-com-log,16,10,13,12500
06-worker-heisenbug-com-log,16,10,14,12500
06-worker-heisenbug-com-log,16,10,15,12500
06-worker-heisenbug-com-log,20,1,0,10000
06-worker-heisenbug-com-log,20,1,1,10000
06-worker-heisenbug-com-log,20,1,2,10000
06-worker-heisenbug-com-log,20,1,3,10000
06-worker-heisenbug-com-log,20,1,4,10000
06-worker-heisenbug-com-log,20,1,5,10000
06-worker-heisenbug-com-log,20,1,6,10000
06-worker-heisenbug-com-log,20,1,7,10000
06-worker-heisenbug-com-log,20,1,8,10000
06-worker-heisenbug-com-log,20,1,9,10000
06-worker-heisenbug-com-log,20,1,10,10000
06-worker-heisenbug-com-log,20,1,11,10000
06-worker-heisenbug-com-log,20,1,12,10000
06-worker-heisenbug-com-log,20,1,13,10000
06-worker-heisenbug-com-log,20,1,14,10000
06-worker-heisenbug-com-log,20,1,15,10000
06-worker-heisenbug-com-log,20,1,16,10000
06-worker-heisenbug-com-log,20,1,17,10000
06-worker-heisenbug-com-log,20,1,18,10000
06-worker-heisenbug-com-log,20,1,19,10000
06-worker-heisenbug-com-log,20,2,0,10000
06-worker-heisenbug-com-log,20,2,1,10000
06-worker-heisenbug-com-log,20,2,2,10000
06-worker-heisenbug-com-log,20,2,3,10000
06-worker-heisenbug-com-log,20,2,4,10000
06-worker-heisenbug-com-log,20,2,5,10000
06-worker-heisenbug-com-log,20,2,6,10000
06-worker-heisenbug-com-log,20,2,7,10000
06-worker-heisenbug-com-log,20,2,8,10000
06-worker-heisenbug-com-log,20,2,9,10000
06-worker-heisenbug-com-log,20,2,10,10000
06-worker-heisenbug-com-log,20,2,11,10000
06-worker-heisenbug-com-log,20,2,12,10000
06-worker-heisenbug-com-log,20,2,13,10000
06-worker-heisenbug-com-log,20,2,14,10000
06-worker-heisenbug-com-log,20,2,15,10000
06-worker-heisenbug-com-log,20,2,16,10000
06-worker-heisenbug-com-log,20,2,17,10000
06-worker-heisenbug-com-log,20,2,18,10000
06-worker-heisenbug-com-log,20,2,19,10000
06-worker-heisenbug-com-log,20,3,0,10000
06-worker-heisenbug-com-log,20,3,1,10000
06-worker-heisenbug-com-log,20,3,2,10000
06-worker-heisenbug-com-log,20,3,3,10000
06-worker-heisenbug-com-log,20,3,4,10000
06-worker-heisenbug-com-log,20,3,5,10000
06-worker-heisenbug-com-log,20,3,6,10000
06-worker-heisenbug-com-log,20,3,7,10000
06-worker-heisenbug-com-log,20,3,8,10000
06-worker-heisenbug-com-log,20,3,9,10000
06-worker-heisenbug-com-log,20,3,10,10000
06-worker-heisenbug-com-log,20,3,11,10000
06-worker-heisenbug-com-log,20,3,12,10000
06-worker-heisenbug-com-log,20,3,13,10000
06-worker-heisenbug-com-log,20,3,14,10000
06-worker-heisenbug-com-log,20,3,15,10000
06-worker-heisenbug-com-log,20,3,16,10000
06-worker-heisenbug-com-log,20,3,17,10000
06-worker-heisenbug-com-log,20,3,18,10000
06-worker-heisenbug-com-log,20,3,19,10000
06-worker-heisenbug-com-log,20,4,0,10000
06-worker-heisenbug-com-log,20,4,1,10000
06-worker-heisenbug-com-log,20,4,2,10000
06-worker-heisenbug-com-log,20,4,3,10000
06-worker-heisenbug-com-log,20,4,4,10000
06-worker-heisenbug-com-log,20,4,5,10000
06-worker-heisenbug-com-log,20,4,6,10000
06-worker-heisenbug-com-log,20,4,7,10000
06-worker-heisenbug-com-log,20,4,8,10000
06-worker-heisenbug-com-log,20,4,9,10000
06-worker-heisenbug-com-log,20,4,10,10000
06-worker-heisenbug-com-log,20,4,11,10000
06-worker-heisenbug-com-log,20,4,12,10000
06-worker-heisenbug-com-log,20,4,13,10000
06-worker-heisenbug-com-log,20,4,14,10000
06-worker-heisenbug-com-log,20,4,15,10000
06-worker-heisenbug-com-log,20,4,16,10000
06-worker-heisenbug-com-log,20,4,17,10000
06-worker-heisenbug-com-log,20,4,18,10000
06-worker-heisenbug-com-log,20,4,19,10000
06-worker-heisenbug-com-log,20,5,0,10000
06-worker-heisenbug-com-log,20,5,1,10000
06-worker-heisenbug-com-log,20,5,2,10000
06-worker-heisenbug-com-log,20,5,3,10000
06-worker-heisenbug-com-log,20,5,4,10000
06-worker-heisenbug-com-log,20,5,5,10000
06-worker-heisenbug-com-log,20,5,6,10000
06-worker-heisenbug-com-log,20,5,7,10000
06-worker-heisenbug-com-log,20,5,8,10000
06-worker-heisenbug-com-log,20,5,9,10000
06-worker-heisenbug-com-log,20,5,10,10000
06-worker-heisenbug-com-log,20,5,11,10000
06-worker-heisenbug-com-log,20,5,12,10000
06-worker-heisenbug-com-log,20,5,13,10000
06-worker-heisenbug-com-log,20,5,14,10000
06-worker-heisenbug-com-log,20,5,15,10000
06-worker-heisenbug-com-log,20,5,16,10000
06-worker-heisenbug-com-log,20,5,17,10000
06-worker-heisenbug-com-log,20,5,18,10000
06-worker-heisenbug-com-log,20,5,19,10000
06-worker-heisenbug-com-log,20,6,0,10000
06-worker-heisenbug-com-log,20,6,1,10000
06-worker-heisenbug-com-log,20,6,2,10000
06-worker-heisenbug-com-log,20,6,3,10000
06-worker-heisenbug-com-log,20,6,4,10000
06-worker-heisenbug-com-log,20,6,5,10000
06-worker-heisenbug-com-log,20,6,6,10000
06-worker-heisenbug-com-log,20,6,7,10000
06-worker-heisenbug-com-log,20,6,8,10000
06-worker-heisenbug-com-log,20,6,9,10000
06-worker-heisenbug-com-log,20,6,10,10000
06-worker-heisenbug-com-log,20,6,11,10000
06-worker-heisenbug-com-log,20,6,12,10000
06-worker-heisenbug-com-log,20,6,13,10000
06-worker-heisenbug-com-log,20,6,14,10000
06-worker-heisenbug-com-log,20,6,15,10000
06-worker-heisenbug-com-log,20,6,16,10000
06-worker-heisenbug-com-log,20,6,17,10000
06-worker-heisenbug-com-log,20,6,18,10000
06-worker-heisenbug-com-log,20,6,19,10000
06-worker-heisenbug-com-log,20,7,0,10000
06-worker-heisenbug-com-log,20,7,1,10000
06-worker-heisenbug-com-log,20,7,2,10000
06-worker-heisenbug-com-log,20,7,3,10000
06-worker-heisenbug-com-log,20,7,4,10000
06-worker-heisenbug-com-log,20,7,5,10000
06-worker-heisenbug-com-log,20,7,6,10000
06-worker-heisenbug-com-log,20,7,7,10000
06-worker-heisenbug-com-log,20,7,8,10000
06-worker-heisenbug-com-log,20,7,9,10000
06-worker-heisenbug-com-log,20,7,10,10000
06-worker-heisenbug-com-log,20,7,11,10000
06-worker-heisenbug-com-log,20,7,12,10000
06-worker-heisenbug-com-log,20,7,13,10000
06-worker-heisenbug-com-log,20,7,14,10000
06-worker-heisenbug-com-log,20,7,15,10000
06-worker-heisenbug-com-log,20,7,16,10000
06-worker-heisenbug-com-log,20,7,17,10000
06-worker-heisenbug-com-log,20,7,18,10000
06-worker-heisenbug-com-log,20,7,19,10000
06-worker-heisenbug-com-log,20,8,0,10000
06-worker-heisenbug-com-log,20,8,1,10000
06-worker-heisenbug-com-log,20,8,2,10000
06-worker-heisenbug-com-log,20,8,3,10000
06-worker-heisenbug-com-log,20,8,4,10000
06-worker-heisenbug-com-log,20,8,5,10000
06-worker-heisenbug-com-log,20,8,6,10000
06-worker-heisenbug-com-log,20,8,7,10000
06-worker-heisenbug-com-log,20,8,8,10000
06-worker-heisenbug-com-log,20,8,9,10000
06-worker-heisenbug-com-log,20,8,10,10000
06-worker-heisenbug-com-log,20,8,11,10000
06-worker-heisenbug-com-log,20,8,12,10000
06-worker-heisenbug-com-log,20,8,13,10000
06-worker-heisenbug-com-log,20,8,14,10000
06-worker-heisenbug-com-log,20,8,15,10000
06-worker-heisenbug-com-log,20,8,16,10000
06-worker-heisenbug-com-log,20,8,17,10000
06-worker-heisenbug-com-log,20,8,18,10000
06-worker-heisenbug-com-log,20,8,19,10000
06-worker-heisenbug-com-log,20,9,0,10000
06-worker-heisenbug-com-log,20,9,1,10000
06-worker-heisenbug-com-log,20,9,2,10000
06-worker-heisenbug-com-log,20,9,3,10000
06-worker-heisenbug-com-log,20,9,4,10000
06-worker-heisenbug-com-log,20,9,5,10000
06-worker-heisenbug-com-log,20,9,6,10000
06-worker-heisenbug-com-log,20,9,7,10000
06-worker-heisenbug-com-log,20,9,8,10000
06-worker-heisenbug-com-log,20,9,9,10000
06-worker-heisenbug-com-log,20,9,10,10000
06-worker-heisenbug-com-log,20,9,11,10000
06-worker-heisenbug-com-log,20,9,12,10000
06-worker-heisenbug-com-log,20,9,13,10000
06-worker-heisenbug-com-log,20,9,14,10000
06-worker-heisenbug-com-log,20,9,15,10000
06-worker-heisenbug-com-log,20,9,16,10000
06-worker-heisenbug-com-log,20,9,17,10000
06-worker-heisenbug-com-log,20,9,18,10000
06-worker-heisenbug-com-log,20,9,19,10000
06-worker-heisenbug-com-log,20,10,0,10000
06-worker-heisenbug-com-log,20,10,1,10000
06-worker-heisenbug-com-log,20,10,2,10000
06-worker-heisenbug-com-log,20,10,3,10000
06-worker-heisenbug-com-log,20,10,4,10000
06-worker-heisenbug-com-log,20,10,5,10000
06-worker-heisenbug-com-log,20,10,6,10000
06-worker-heisenbug-com-log,20,10,7,10000
06-worker-heisenbug-com-log,20,10,8,10000
06-worker-heisenbug-com-log,20,10,9,10000
06-worker-heisenbug-com-log,20,10,10,10000
06-worker-heisenbug-com-log,20,10,11,10000
06-worker-heisenbug-com-log,20,10,12,10000
06-worker-heisenbug-com-log,20,10,13,10000
06-worker-heisenbug-com-log,20,10,14,10000
06-worker-heisenbug-com-log,20,10,15,10000
06-worker-heisenbug-com-log,20,10,16,10000
06-worker-heisenbug-com-log,20,10,17,10000
06-worker-heisenbug-com-log,20,10,18,10000
06-worker-heisenbug-com-log,20,10,19,10000
