caso,threads,repeticao,operacoes,concluidas,ms,throughput,saldo_inicial,movimentos,esperado,observado,divergencia,perdido,percentual_perdido,erros_total,erros_por_sqlstate,ops_por_thread,extra,falhou,erro
01-baseline-sequencial,1,1,200,200,96.166,2079.729,10000,-200,9800,9800,0,0,0,0,{},[200],"{""workers"":0,""saquesEfetivados"":200,""saquesRegistrados"":200}",nao,
01-baseline-sequencial,1,2,200,200,103.116,1939.558,10000,-200,9800,9800,0,0,0,0,{},[200],"{""workers"":0,""saquesEfetivados"":200,""saquesRegistrados"":200}",nao,
01-baseline-sequencial,1,3,200,200,99.806,2003.888,10000,-200,9800,9800,0,0,0,0,{},[200],"{""workers"":0,""saquesEfetivados"":200,""saquesRegistrados"":200}",nao,
01-baseline-sequencial,1,4,200,200,94.968,2105.982,10000,-200,9800,9800,0,0,0,0,{},[200],"{""workers"":0,""saquesEfetivados"":200,""saquesRegistrados"":200}",nao,
01-baseline-sequencial,1,5,200,200,93.876,2130.478,10000,-200,9800,9800,0,0,0,0,{},[200],"{""workers"":0,""saquesEfetivados"":200,""saquesRegistrados"":200}",nao,
01-baseline-sequencial,1,6,200,200,111.059,1800.839,10000,-200,9800,9800,0,0,0,0,{},[200],"{""workers"":0,""saquesEfetivados"":200,""saquesRegistrados"":200}",nao,
01-baseline-sequencial,1,7,200,200,82.894,2412.706,10000,-200,9800,9800,0,0,0,0,{},[200],"{""workers"":0,""saquesEfetivados"":200,""saquesRegistrados"":200}",nao,
01-baseline-sequencial,1,8,200,200,92.109,2171.330,10000,-200,9800,9800,0,0,0,0,{},[200],"{""workers"":0,""saquesEfetivados"":200,""saquesRegistrados"":200}",nao,
01-baseline-sequencial,1,9,200,200,96.137,2080.366,10000,-200,9800,9800,0,0,0,0,{},[200],"{""workers"":0,""saquesEfetivados"":200,""saquesRegistrados"":200}",nao,
01-baseline-sequencial,1,10,200,200,112.036,1785.140,10000,-200,9800,9800,0,0,0,0,{},[200],"{""workers"":0,""saquesEfetivados"":200,""saquesRegistrados"":200}",nao,
02-worker-cpu,1,1,400000000,400000000,1040.446,384450452.783,0,0,0,0,0,0,0,0,{},[400000000],"{""workers"":1,""rodadasPorThread"":400000000,""msDaThreadMaisLenta"":1011.75,""msDaThreadMaisRapida"":1011.75,""rodadasPorSegundo"":384450453}",nao,
02-worker-cpu,1,2,400000000,400000000,1042.225,383794408.888,0,0,0,0,0,0,0,0,{},[400000000],"{""workers"":1,""rodadasPorThread"":400000000,""msDaThreadMaisLenta"":1013.22,""msDaThreadMaisRapida"":1013.22,""rodadasPorSegundo"":383794409}",nao,
02-worker-cpu,1,3,400000000,400000000,1049.014,381310555.763,0,0,0,0,0,0,0,0,{},[400000000],"{""workers"":1,""rodadasPorThread"":400000000,""msDaThreadMaisLenta"":1019.93,""msDaThreadMaisRapida"":1019.93,""rodadasPorSegundo"":381310556}",nao,
02-worker-cpu,1,4,400000000,400000000,1052.925,379894209.872,0,0,0,0,0,0,0,0,{},[400000000],"{""workers"":1,""rodadasPorThread"":400000000,""msDaThreadMaisLenta"":1023.67,""msDaThreadMaisRapida"":1023.67,""rodadasPorSegundo"":379894210}",nao,
02-worker-cpu,1,5,400000000,400000000,1098.341,364185538.875,0,0,0,0,0,0,0,0,{},[400000000],"{""workers"":1,""rodadasPorThread"":400000000,""msDaThreadMaisLenta"":1068.78,""msDaThreadMaisRapida"":1068.78,""rodadasPorSegundo"":364185539}",nao,
02-worker-cpu,1,6,400000000,400000000,1053.961,379520729.363,0,0,0,0,0,0,0,0,{},[400000000],"{""workers"":1,""rodadasPorThread"":400000000,""msDaThreadMaisLenta"":1024.05,""msDaThreadMaisRapida"":1024.05,""rodadasPorSegundo"":379520729}",nao,
02-worker-cpu,1,7,400000000,400000000,1041.637,384011120.962,0,0,0,0,0,0,0,0,{},[400000000],"{""workers"":1,""rodadasPorThread"":400000000,""msDaThreadMaisLenta"":1012.69,""msDaThreadMaisRapida"":1012.69,""rodadasPorSegundo"":384011121}",nao,
02-worker-cpu,1,8,400000000,400000000,1092.776,366040124.175,0,0,0,0,0,0,0,0,{},[400000000],"{""workers"":1,""rodadasPorThread"":400000000,""msDaThreadMaisLenta"":1062.84,""msDaThreadMaisRapida"":1062.84,""rodadasPorSegundo"":366040124}",nao,
02-worker-cpu,1,9,400000000,400000000,1096.699,364730763.159,0,0,0,0,0,0,0,0,{},[400000000],"{""workers"":1,""rodadasPorThread"":400000000,""msDaThreadMaisLenta"":1059.13,""msDaThreadMaisRapida"":1059.13,""rodadasPorSegundo"":364730763}",nao,
02-worker-cpu,1,10,400000000,400000000,1036.677,385848150.907,0,0,0,0,0,0,0,0,{},[400000000],"{""workers"":1,""rodadasPorThread"":400000000,""msDaThreadMaisLenta"":1007.64,""msDaThreadMaisRapida"":1007.64,""rodadasPorSegundo"":385848151}",nao,
02-worker-cpu,2,1,400000000,400000000,537.600,744047677.176,0,0,0,0,0,0,0,0,{},"[200000000,200000000]","{""workers"":2,""rodadasPorThread"":200000000,""msDaThreadMaisLenta"":506,""msDaThreadMaisRapida"":505.84,""rodadasPorSegundo"":744047677}",nao,
02-worker-cpu,2,2,400000000,400000000,538.116,743333863.677,0,0,0,0,0,0,0,0,{},"[200000000,200000000]","{""workers"":2,""rodadasPorThread"":200000000,""msDaThreadMaisLenta"":507.01,""msDaThreadMaisRapida"":506.85,""rodadasPorSegundo"":743333864}",nao,
02-worker-cpu,2,3,400000000,400000000,538.657,742588042.635,0,0,0,0,0,0,0,0,{},"[200000000,200000000]","{""workers"":2,""rodadasPorThread"":200000000,""msDaThreadMaisLenta"":507.53,""msDaThreadMaisRapida"":506.98,""rodadasPorSegundo"":742588043}",nao,
02-worker-cpu,2,4,400000000,400000000,537.169,744644609.052,0,0,0,0,0,0,0,0,{},"[200000000,200000000]","{""workers"":2,""rodadasPorThread"":200000000,""msDaThreadMaisLenta"":506.52,""msDaThreadMaisRapida"":505.46,""rodadasPorSegundo"":744644609}",nao,
02-worker-cpu,2,5,400000000,400000000,540.093,740612790.281,0,0,0,0,0,0,0,0,{},"[200000000,200000000]","{""workers"":2,""rodadasPorThread"":200000000,""msDaThreadMaisLenta"":508.3,""msDaThreadMaisRapida"":507.59,""rodadasPorSegundo"":740612790}",nao,
02-worker-cpu,2,6,400000000,400000000,563.901,709343899.011,0,0,0,0,0,0,0,0,{},"[200000000,200000000]","{""workers"":2,""rodadasPorThread"":200000000,""msDaThreadMaisLenta"":532.34,""msDaThreadMaisRapida"":530.76,""rodadasPorSegundo"":709343899}",nao,
02-worker-cpu,2,7,400000000,400000000,552.697,723723630.015,0,0,0,0,0,0,0,0,{},"[200000000,200000000]","{""workers"":2,""rodadasPorThread"":200000000,""msDaThreadMaisLenta"":514.47,""msDaThreadMaisRapida"":514.32,""rodadasPorSegundo"":723723630}",nao,
02-worker-cpu,2,8,400000000,400000000,541.480,738716281.930,0,0,0,0,0,0,0,0,{},"[200000000,200000000]","{""workers"":2,""rodadasPorThread"":200000000,""msDaThreadMaisLenta"":509.45,""msDaThreadMaisRapida"":509.38,""rodadasPorSegundo"":738716282}",nao,
02-worker-cpu,2,9,400000000,400000000,542.038,737956152.029,0,0,0,0,0,0,0,0,{},"[200000000,200000000]","{""workers"":2,""rodadasPorThread"":200000000,""msDaThreadMaisLenta"":510.28,""msDaThreadMaisRapida"":509.99,""rodadasPorSegundo"":737956152}",nao,
02-worker-cpu,2,10,400000000,400000000,550.242,726952868.011,0,0,0,0,0,0,0,0,{},"[200000000,200000000]","{""workers"":2,""rodadasPorThread"":200000000,""msDaThreadMaisLenta"":518.62,""msDaThreadMaisRapida"":518.05,""rodadasPorSegundo"":726952868}",nao,
02-worker-cpu,4,1,400000000,400000000,317.405,1260220752.617,0,0,0,0,0,0,0,0,{},"[100000000,100000000,100000000,100000000]","{""workers"":4,""rodadasPorThread"":100000000,""msDaThreadMaisLenta"":284.07,""msDaThreadMaisRapida"":283.23,""rodadasPorSegundo"":1260220753}",nao,
02-worker-cpu,4,2,400000000,400000000,316.688,1263072967.040,0,0,0,0,0,0,0,0,{},"[100000000,100000000,100000000,100000000]","{""workers"":4,""rodadasPorThread"":100000000,""msDaThreadMaisLenta"":282.87,""msDaThreadMaisRapida"":282.22,""rodadasPorSegundo"":1263072967}",nao,
02-worker-cpu,4,3,400000000,400000000,316.505,1263802264.942,0,0,0,0,0,0,0,0,{},"[100000000,100000000,100000000,100000000]","{""workers"":4,""rodadasPorThread"":100000000,""msDaThreadMaisLenta"":282.32,""msDaThreadMaisRapida"":281.96,""rodadasPorSegundo"":1263802265}",nao,
02-worker-cpu,4,4,400000000,400000000,316.562,1263576537.595,0,0,0,0,0,0,0,0,{},"[100000000,100000000,100000000,100000000]","{""workers"":4,""rodadasPorThread"":100000000,""msDaThreadMaisLenta"":282.61,""msDaThreadMaisRapida"":282.02,""rodadasPorSegundo"":1263576538}",nao,
02-worker-cpu,4,5,400000000,400000000,322.735,1239407585.112,0,0,0,0,0,0,0,0,{},"[100000000,100000000,100000000,100000000]","{""workers"":4,""rodadasPorThread"":100000000,""msDaThreadMaisLenta"":288.29,""msDaThreadMaisRapida"":282.95,""rodadasPorSegundo"":1239407585}",nao,
02-worker-cpu,4,6,400000000,400000000,317.019,1261754855.214,0,0,0,0,0,0,0,0,{},"[100000000,100000000,100000000,100000000]","{""workers"":4,""rodadasPorThread"":100000000,""msDaThreadMaisLenta"":282.19,""msDaThreadMaisRapida"":281.41,""rodadasPorSegundo"":1261754855}",nao,
02-worker-cpu,4,7,400000000,400000000,316.940,1262070521.346,0,0,0,0,0,0,0,0,{},"[100000000,100000000,100000000,100000000]","{""workers"":4,""rodadasPorThread"":100000000,""msDaThreadMaisLenta"":282.65,""msDaThreadMaisRapida"":282.02,""rodadasPorSegundo"":1262070521}",nao,
02-worker-cpu,4,8,400000000,400000000,320.115,1249551430.561,0,0,0,0,0,0,0,0,{},"[100000000,100000000,100000000,100000000]","{""workers"":4,""rodadasPorThread"":100000000,""msDaThreadMaisLenta"":285.75,""msDaThreadMaisRapida"":284.04,""rodadasPorSegundo"":1249551431}",nao,
02-worker-cpu,4,9,400000000,400000000,319.318,1252670733.149,0,0,0,0,0,0,0,0,{},"[100000000,100000000,100000000,100000000]","{""workers"":4,""rodadasPorThread"":100000000,""msDaThreadMaisLenta"":285.82,""msDaThreadMaisRapida"":282.2,""rodadasPorSegundo"":1252670733}",nao,
02-worker-cpu,4,10,400000000,400000000,316.651,1263218396.250,0,0,0,0,0,0,0,0,{},"[100000000,100000000,100000000,100000000]","{""workers"":4,""rodadasPorThread"":100000000,""msDaThreadMaisLenta"":283.05,""msDaThreadMaisRapida"":281.79,""rodadasPorSegundo"":1263218396}",nao,
02-worker-cpu,8,1,400000000,400000000,222.371,1798792001.445,0,0,0,0,0,0,0,0,{},"[50000000,50000000,50000000,50000000,50000000,50000000,50000000,50000000]","{""workers"":8,""rodadasPorThread"":50000000,""msDaThreadMaisLenta"":168.67,""msDaThreadMaisRapida"":162.48,""rodadasPorSegundo"":1798792001}",nao,
02-worker-cpu,8,2,400000000,400000000,222.097,1801011149.794,0,0,0,0,0,0,0,0,{},"[50000000,50000000,50000000,50000000,50000000,50000000,50000000,50000000]","{""workers"":8,""rodadasPorThread"":50000000,""msDaThreadMaisLenta"":173.94,""msDaThreadMaisRapida"":156.11,""rodadasPorSegundo"":1801011150}",nao,
02-worker-cpu,8,3,400000000,400000000,231.038,1731313494.137,0,0,0,0,0,0,0,0,{},"[50000000,50000000,50000000,50000000,50000000,50000000,50000000,50000000]","{""workers"":8,""rodadasPorThread"":50000000,""msDaThreadMaisLenta"":170.09,""msDaThreadMaisRapida"":156.73,""rodadasPorSegundo"":1731313494}",nao,
02-worker-cpu,8,4,400000000,400000000,223.944,1786157172.954,0,0,0,0,0,0,0,0,{},"[50000000,50000000,50000000,50000000,50000000,50000000,50000000,50000000]","{""workers"":8,""rodadasPorThread"":50000000,""msDaThreadMaisLenta"":171.33,""msDaThreadMaisRapida"":160.65,""rodadasPorSegundo"":1786157173}",nao,
02-worker-cpu,8,5,400000000,400000000,234.205,1707906378.977,0,0,0,0,0,0,0,0,{},"[50000000,50000000,50000000,50000000,50000000,50000000,50000000,50000000]","{""workers"":8,""rodadasPorThread"":50000000,""msDaThreadMaisLenta"":168.88,""msDaThreadMaisRapida"":156.16,""rodadasPorSegundo"":1707906379}",nao,
02-worker-cpu,8,6,400000000,400000000,305.492,1309363612.393,0,0,0,0,0,0,0,0,{},"[50000000,50000000,50000000,50000000,50000000,50000000,50000000,50000000]","{""workers"":8,""rodadasPorThread"":50000000,""msDaThreadMaisLenta"":180.86,""msDaThreadMaisRapida"":159.2,""rodadasPorSegundo"":1309363612}",nao,
02-worker-cpu,8,7,400000000,400000000,224.788,1779451450.726,0,0,0,0,0,0,0,0,{},"[50000000,50000000,50000000,50000000,50000000,50000000,50000000,50000000]","{""workers"":8,""rodadasPorThread"":50000000,""msDaThreadMaisLenta"":171.92,""msDaThreadMaisRapida"":163.81,""rodadasPorSegundo"":1779451451}",nao,
02-worker-cpu,8,8,400000000,400000000,220.680,1812577591.915,0,0,0,0,0,0,0,0,{},"[50000000,50000000,50000000,50000000,50000000,50000000,50000000,50000000]","{""workers"":8,""rodadasPorThread"":50000000,""msDaThreadMaisLenta"":173.33,""msDaThreadMaisRapida"":161.61,""rodadasPorSegundo"":1812577592}",nao,
02-worker-cpu,8,9,400000000,400000000,232.629,1719472379.900,0,0,0,0,0,0,0,0,{},"[50000000,50000000,50000000,50000000,50000000,50000000,50000000,50000000]","{""workers"":8,""rodadasPorThread"":50000000,""msDaThreadMaisLenta"":182.49,""msDaThreadMaisRapida"":167.36,""rodadasPorSegundo"":1719472380}",nao,
02-worker-cpu,8,10,400000000,400000000,226.356,1767124631.594,0,0,0,0,0,0,0,0,{},"[50000000,50000000,50000000,50000000,50000000,50000000,50000000,50000000]","{""workers"":8,""rodadasPorThread"":50000000,""msDaThreadMaisLenta"":171.66,""msDaThreadMaisRapida"":159.1,""rodadasPorSegundo"":1767124632}",nao,
02-worker-cpu,10,1,400000000,400000000,223.059,1793244841.303,0,0,0,0,0,0,0,0,{},"[40000000,40000000,40000000,40000000,40000000,40000000,40000000,40000000,40000000,40000000]","{""workers"":10,""rodadasPorThread"":40000000,""msDaThreadMaisLenta"":159.76,""msDaThreadMaisRapida"":139.92,""rodadasPorSegundo"":1793244841}",nao,
02-worker-cpu,10,2,400000000,400000000,239.091,1673001416.823,0,0,0,0,0,0,0,0,{},"[40000000,40000000,40000000,40000000,40000000,40000000,40000000,40000000,40000000,40000000]","{""workers"":10,""rodadasPorThread"":40000000,""msDaThreadMaisLenta"":159.69,""msDaThreadMaisRapida"":131.65,""rodadasPorSegundo"":1673001417}",nao,
02-worker-cpu,10,3,400000000,400000000,237.159,1686628917.831,0,0,0,0,0,0,0,0,{},"[40000000,40000000,40000000,40000000,40000000,40000000,40000000,40000000,40000000,40000000]","{""workers"":10,""rodadasPorThread"":40000000,""msDaThreadMaisLenta"":155.67,""msDaThreadMaisRapida"":138.96,""rodadasPorSegundo"":1686628918}",nao,
02-worker-cpu,10,4,400000000,400000000,222.002,1801789627.548,0,0,0,0,0,0,0,0,{},"[40000000,40000000,40000000,40000000,40000000,40000000,40000000,40000000,40000000,40000000]","{""workers"":10,""rodadasPorThread"":40000000,""msDaThreadMaisLenta"":159.85,""msDaThreadMaisRapida"":142.76,""rodadasPorSegundo"":1801789628}",nao,
02-worker-cpu,10,5,400000000,400000000,211.485,1891382624.341,0,0,0,0,0,0,0,0,{},"[40000000,40000000,40000000,40000000,40000000,40000000,40000000,40000000,40000000,40000000]","{""workers"":10,""rodadasPorThread"":40000000,""msDaThreadMaisLenta"":158.44,""msDaThreadMaisRapida"":133.75,""rodadasPorSegundo"":1891382624}",nao,
02-worker-cpu,10,6,400000000,400000000,224.708,1780087603.629,0,0,0,0,0,0,0,0,{},"[40000000,40000000,40000000,40000000,40000000,40000000,40000000,40000000,40000000,40000000]","{""workers"":10,""rodadasPorThread"":40000000,""msDaThreadMaisLenta"":152.88,""msDaThreadMaisRapida"":139.15,""rodadasPorSegundo"":1780087604}",nao,
02-worker-cpu,10,7,400000000,400000000,224.984,1777904862.417,0,0,0,0,0,0,0,0,{},"[40000000,40000000,40000000,40000000,40000000,40000000,40000000,40000000,40000000,40000000]","{""workers"":10,""rodadasPorThread"":40000000,""msDaThreadMaisLenta"":159.86,""msDaThreadMaisRapida"":140.87,""rodadasPorSegundo"":1777904862}",nao,
02-worker-cpu,10,8,400000000,400000000,209.683,1907644946.738,0,0,0,0,0,0,0,0,{},"[40000000,40000000,40000000,40000000,40000000,40000000,40000000,40000000,40000000,40000000]","{""workers"":10,""rodadasPorThread"":40000000,""msDaThreadMaisLenta"":159.71,""msDaThreadMaisRapida"":137.61,""rodadasPorSegundo"":1907644947}",nao,
02-worker-cpu,10,9,400000000,400000000,221.833,1803156540.927,0,0,0,0,0,0,0,0,{},"[40000000,40000000,40000000,40000000,40000000,40000000,40000000,40000000,40000000,40000000]","{""workers"":10,""rodadasPorThread"":40000000,""msDaThreadMaisLenta"":152.65,""msDaThreadMaisRapida"":121.43,""rodadasPorSegundo"":1803156541}",nao,
02-worker-cpu,10,10,400000000,400000000,214.871,1861579535.716,0,0,0,0,0,0,0,0,{},"[40000000,40000000,40000000,40000000,40000000,40000000,40000000,40000000,40000000,40000000]","{""workers"":10,""rodadasPorThread"":40000000,""msDaThreadMaisLenta"":160.95,""msDaThreadMaisRapida"":135.87,""rodadasPorSegundo"":1861579536}",nao,
02-worker-cpu,16,1,400000000,400000000,261.207,1531350330.365,0,0,0,0,0,0,0,0,{},"[25000000,25000000,25000000,25000000,25000000,25000000,25000000,25000000,25000000,25000000,25000000,25000000,25000000,25000000,25000000,25000000]","{""workers"":16,""rodadasPorThread"":25000000,""msDaThreadMaisLenta"":178.99,""msDaThreadMaisRapida"":116.13,""rodadasPorSegundo"":1531350330}",nao,
02-worker-cpu,16,2,400000000,400000000,254.969,1568819197.600,0,0,0,0,0,0,0,0,{},"[25000000,25000000,25000000,25000000,25000000,25000000,25000000,25000000,25000000,25000000,25000000,25000000,25000000,25000000,25000000,25000000]","{""workers"":16,""rodadasPorThread"":25000000,""msDaThreadMaisLenta"":181.42,""msDaThreadMaisRapida"":117.77,""rodadasPorSegundo"":1568819198}",nao,
02-worker-cpu,16,3,400000000,400000000,268.974,1487132585.306,0,0,0,0,0,0,0,0,{},"[25000000,25000000,25000000,25000000,25000000,25000000,25000000,25000000,25000000,25000000,25000000,25000000,25000000,25000000,25000000,25000000]","{""workers"":16,""rodadasPorThread"":25000000,""msDaThreadMaisLenta"":186.69,""msDaThreadMaisRapida"":134.58,""rodadasPorSegundo"":1487132585}",nao,
02-worker-cpu,16,4,400000000,400000000,257.667,1552391264.694,0,0,0,0,0,0,0,0,{},"[25000000,25000000,25000000,25000000,25000000,25000000,25000000,25000000,25000000,25000000,25000000,25000000,25000000,25000000,25000000,25000000]","{""workers"":16,""rodadasPorThread"":25000000,""msDaThreadMaisLenta"":187.08,""msDaThreadMaisRapida"":126.01,""rodadasPorSegundo"":1552391265}",nao,
02-worker-cpu,16,5,400000000,400000000,251.022,1593483449.434,0,0,0,0,0,0,0,0,{},"[25000000,25000000,25000000,25000000,25000000,25000000,25000000,25000000,25000000,25000000,25000000,25000000,25000000,25000000,25000000,25000000]","{""workers"":16,""rodadasPorThread"":25000000,""msDaThreadMaisLenta"":172.88,""msDaThreadMaisRapida"":124.93,""rodadasPorSegundo"":1593483449}",nao,
02-worker-cpu,16,6,400000000,400000000,250.339,1597835195.355,0,0,0,0,0,0,0,0,{},"[25000000,25000000,25000000,25000000,25000000,25000000,25000000,25000000,25000000,25000000,25000000,25000000,25000000,25000000,25000000,25000000]","{""workers"":16,""rodadasPorThread"":25000000,""msDaThreadMaisLenta"":167.31,""msDaThreadMaisRapida"":116.75,""rodadasPorSegundo"":1597835195}",nao,
02-worker-cpu,16,7,400000000,400000000,269.022,1486868858.925,0,0,0,0,0,0,0,0,{},"[25000000,25000000,25000000,25000000,25000000,25000000,25000000,25000000,25000000,25000000,25000000,25000000,25000000,25000000,25000000,25000000]","{""workers"":16,""rodadasPorThread"":25000000,""msDaThreadMaisLenta"":158.06,""msDaThreadMaisRapida"":83.51,""rodadasPorSegundo"":1486868859}",nao,
02-worker-cpu,16,8,400000000,400000000,298.850,1338466163.686,0,0,0,0,0,0,0,0,{},"[25000000,25000000,25000000,25000000,25000000,25000000,25000000,25000000,25000000,25000000,25000000,25000000,25000000,25000000,25000000,25000000]","{""workers"":16,""rodadasPorThread"":25000000,""msDaThreadMaisLenta"":197.51,""msDaThreadMaisRapida"":132.71,""rodadasPorSegundo"":1338466164}",nao,
02-worker-cpu,16,9,400000000,400000000,259.124,1543660754.122,0,0,0,0,0,0,0,0,{},"[25000000,25000000,25000000,25000000,25000000,25000000,25000000,25000000,25000000,25000000,25000000,25000000,25000000,25000000,25000000,25000000]","{""workers"":16,""rodadasPorThread"":25000000,""msDaThreadMaisLenta"":163.68,""msDaThreadMaisRapida"":115.06,""rodadasPorSegundo"":1543660754}",nao,
02-worker-cpu,16,10,400000000,400000000,259.396,1542045311.074,0,0,0,0,0,0,0,0,{},"[25000000,25000000,25000000,25000000,25000000,25000000,25000000,25000000,25000000,25000000,25000000,25000000,25000000,25000000,25000000,25000000]","{""workers"":16,""rodadasPorThread"":25000000,""msDaThreadMaisLenta"":158.28,""msDaThreadMaisRapida"":122.7,""rodadasPorSegundo"":1542045311}",nao,
02-worker-cpu,20,1,400000000,400000000,324.091,1234221568.758,0,0,0,0,0,0,0,0,{},"[20000000,20000000,20000000,20000000,20000000,20000000,20000000,20000000,20000000,20000000,20000000,20000000,20000000,20000000,20000000,20000000,20000000,20000000,20000000,20000000]","{""workers"":20,""rodadasPorThread"":20000000,""msDaThreadMaisLenta"":223.16,""msDaThreadMaisRapida"":106.52,""rodadasPorSegundo"":1234221569}",nao,
02-worker-cpu,20,2,400000000,400000000,306.425,1305376165.958,0,0,0,0,0,0,0,0,{},"[20000000,20000000,20000000,20000000,20000000,20000000,20000000,20000000,20000000,20000000,20000000,20000000,20000000,20000000,20000000,20000000,20000000,20000000,20000000,20000000]","{""workers"":20,""rodadasPorThread"":20000000,""msDaThreadMaisLenta"":219.37,""msDaThreadMaisRapida"":115.51,""rodadasPorSegundo"":1305376166}",nao,
02-worker-cpu,20,3,400000000,400000000,312.245,1281043962.694,0,0,0,0,0,0,0,0,{},"[20000000,20000000,20000000,20000000,20000000,20000000,20000000,20000000,20000000,20000000,20000000,20000000,20000000,20000000,20000000,20000000,20000000,20000000,20000000,20000000]","{""workers"":20,""rodadasPorThread"":20000000,""msDaThreadMaisLenta"":192.48,""msDaThreadMaisRapida"":113.59,""rodadasPorSegundo"":1281043963}",nao,
02-worker-cpu,20,4,400000000,400000000,306.742,1304026247.545,0,0,0,0,0,0,0,0,{},"[20000000,20000000,20000000,20000000,20000000,20000000,20000000,20000000,20000000,20000000,20000000,20000000,20000000,20000000,20000000,20000000,20000000,20000000,20000000,20000000]","{""workers"":20,""rodadasPorThread"":20000000,""msDaThreadMaisLenta"":202.35,""msDaThreadMaisRapida"":72.7,""rodadasPorSegundo"":1304026248}",nao,
02-worker-cpu,20,5,400000000,400000000,279.769,1429748632.533,0,0,0,0,0,0,0,0,{},"[20000000,20000000,20000000,20000000,20000000,20000000,20000000,20000000,20000000,20000000,20000000,20000000,20000000,20000000,20000000,20000000,20000000,20000000,20000000,20000000]","{""workers"":20,""rodadasPorThread"":20000000,""msDaThreadMaisLenta"":167.18,""msDaThreadMaisRapida"":105.71,""rodadasPorSegundo"":1429748633}",nao,
02-worker-cpu,20,6,400000000,400000000,293.952,1360766578.054,0,0,0,0,0,0,0,0,{},"[20000000,20000000,20000000,20000000,20000000,20000000,20000000,20000000,20000000,20000000,20000000,20000000,20000000,20000000,20000000,20000000,20000000,20000000,20000000,20000000]","{""workers"":20,""rodadasPorThread"":20000000,""msDaThreadMaisLenta"":201.81,""msDaThreadMaisRapida"":119.76,""rodadasPorSegundo"":1360766578}",nao,
02-worker-cpu,20,7,400000000,400000000,289.467,1381849097.049,0,0,0,0,0,0,0,0,{},"[20000000,20000000,20000000,20000000,20000000,20000000,20000000,20000000,20000000,20000000,20000000,20000000,20000000,20000000,20000000,20000000,20000000,20000000,20000000,20000000]","{""workers"":20,""rodadasPorThread"":20000000,""msDaThreadMaisLenta"":184.97,""msDaThreadMaisRapida"":101.42,""rodadasPorSegundo"":1381849097}",nao,
02-worker-cpu,20,8,400000000,400000000,298.895,1338262228.957,0,0,0,0,0,0,0,0,{},"[20000000,20000000,20000000,20000000,20000000,20000000,20000000,20000000,20000000,20000000,20000000,20000000,20000000,20000000,20000000,20000000,20000000,20000000,20000000,20000000]","{""workers"":20,""rodadasPorThread"":20000000,""msDaThreadMaisLenta"":193.29,""msDaThreadMaisRapida"":108.71,""rodadasPorSegundo"":1338262229}",nao,
02-worker-cpu,20,9,400000000,400000000,285.842,1399376109.852,0,0,0,0,0,0,0,0,{},"[20000000,20000000,20000000,20000000,20000000,20000000,20000000,20000000,20000000,20000000,20000000,20000000,20000000,20000000,20000000,20000000,20000000,20000000,20000000,20000000]","{""workers"":20,""rodadasPorThread"":20000000,""msDaThreadMaisLenta"":197.57,""msDaThreadMaisRapida"":91.14,""rodadasPorSegundo"":1399376110}",nao,
02-worker-cpu,20,10,400000000,400000000,282.278,1417044028.444,0,0,0,0,0,0,0,0,{},"[20000000,20000000,20000000,20000000,20000000,20000000,20000000,20000000,20000000,20000000,20000000,20000000,20000000,20000000,20000000,20000000,20000000,20000000,20000000,20000000]","{""workers"":20,""rodadasPorThread"":20000000,""msDaThreadMaisLenta"":190.8,""msDaThreadMaisRapida"":126.24,""rodadasPorSegundo"":1417044028}",nao,
03-worker-sab-corrida,1,1,16000000,16000000,53.033,301698703.235,0,16000000,16000000,16000000,0,0,0,0,{},[16000000],"{""workers"":1,""incrementosPorThread"":16000000,""incrementosPerdidos"":0,""percentualPerdido"":0}",nao,
03-worker-sab-corrida,1,2,16000000,16000000,52.404,305318019.726,0,16000000,16000000,16000000,0,0,0,0,{},[16000000],"{""workers"":1,""incrementosPorThread"":16000000,""incrementosPerdidos"":0,""percentualPerdido"":0}",nao,
03-worker-sab-corrida,1,3,16000000,16000000,53.236,300549912.418,0,16000000,16000000,16000000,0,0,0,0,{},[16000000],"{""workers"":1,""incrementosPorThread"":16000000,""incrementosPerdidos"":0,""percentualPerdido"":0}",nao,
03-worker-sab-corrida,1,4,16000000,16000000,52.579,304304723.142,0,16000000,16000000,16000000,0,0,0,0,{},[16000000],"{""workers"":1,""incrementosPorThread"":16000000,""incrementosPerdidos"":0,""percentualPerdido"":0}",nao,
03-worker-sab-corrida,1,5,16000000,16000000,54.944,291206036.352,0,16000000,16000000,16000000,0,0,0,0,{},[16000000],"{""workers"":1,""incrementosPorThread"":16000000,""incrementosPerdidos"":0,""percentualPerdido"":0}",nao,
03-worker-sab-corrida,1,6,16000000,16000000,52.492,304806656.185,0,16000000,16000000,16000000,0,0,0,0,{},[16000000],"{""workers"":1,""incrementosPorThread"":16000000,""incrementosPerdidos"":0,""percentualPerdido"":0}",nao,
03-worker-sab-corrida,1,7,16000000,16000000,52.161,306744790.731,0,16000000,16000000,16000000,0,0,0,0,{},[16000000],"{""workers"":1,""incrementosPorThread"":16000000,""incrementosPerdidos"":0,""percentualPerdido"":0}",nao,
03-worker-sab-corrida,1,8,16000000,16000000,52.039,307460730.635,0,16000000,16000000,16000000,0,0,0,0,{},[16000000],"{""workers"":1,""incrementosPorThread"":16000000,""incrementosPerdidos"":0,""percentualPerdido"":0}",nao,
03-worker-sab-corrida,1,9,16000000,16000000,51.976,307832904.452,0,16000000,16000000,16000000,0,0,0,0,{},[16000000],"{""workers"":1,""incrementosPorThread"":16000000,""incrementosPerdidos"":0,""percentualPerdido"":0}",nao,
03-worker-sab-corrida,1,10,16000000,16000000,52.134,306900957.671,0,16000000,16000000,16000000,0,0,0,0,{},[16000000],"{""workers"":1,""incrementosPorThread"":16000000,""incrementosPerdidos"":0,""percentualPerdido"":0}",nao,
03-worker-sab-corrida,2,1,16000000,7862795,48.160,332229080.007,0,16000000,16000000,7862795,-8137205,8137205,50.8575,0,{},"[8000000,8000000]","{""workers"":2,""incrementosPorThread"":8000000,""incrementosPerdidos"":8137205,""percentualPerdido"":50.86}",nao,
03-worker-sab-corrida,2,2,16000000,8619043,46.576,343525793.731,0,16000000,16000000,8619043,-7380957,7380957,46.131,0,{},"[8000000,8000000]","{""workers"":2,""incrementosPorThread"":8000000,""incrementosPerdidos"":7380957,""percentualPerdido"":46.13}",nao,
03-worker-sab-corrida,2,3,16000000,8346095,46.614,343247582.078,0,16000000,16000000,8346095,-7653905,7653905,47.8369,0,{},"[8000000,8000000]","{""workers"":2,""incrementosPorThread"":8000000,""incrementosPerdidos"":7653905,""percentualPerdido"":47.84}",nao,
03-worker-sab-corrida,2,4,16000000,8542962,46.112,346980638.459,0,16000000,16000000,8542962,-7457038,7457038,46.6065,0,{},"[8000000,8000000]","{""workers"":2,""incrementosPorThread"":8000000,""incrementosPerdidos"":7457038,""percentualPerdido"":46.61}",nao,
03-worker-sab-corrida,2,5,16000000,8121104,46.083,347202752.346,0,16000000,16000000,8121104,-7878896,7878896,49.2431,0,{},"[8000000,8000000]","{""workers"":2,""incrementosPorThread"":8000000,""incrementosPerdidos"":7878896,""percentualPerdido"":49.24}",nao,
03-worker-sab-corrida,2,6,16000000,8157446,47.122,339545963.382,0,16000000,16000000,8157446,-7842554,7842554,49.016,0,{},"[8000000,8000000]","{""workers"":2,""incrementosPorThread"":8000000,""incrementosPerdidos"":7842554,""percentualPerdido"":49.02}",nao,
03-worker-sab-corrida,2,7,16000000,8579483,45.948,348215937.408,0,16000000,16000000,8579483,-7420517,7420517,46.3782,0,{},"[8000000,8000000]","{""workers"":2,""incrementosPorThread"":8000000,""incrementosPerdidos"":7420517,""percentualPerdido"":46.38}",nao,
03-worker-sab-corrida,2,8,16000000,8138054,47.984,333445635.044,0,16000000,16000000,8138054,-7861946,7861946,49.1372,0,{},"[8000000,8000000]","{""workers"":2,""incrementosPorThread"":8000000,""incrementosPerdidos"":7861946,""percentualPerdido"":49.14}",nao,
03-worker-sab-corrida,2,9,16000000,8361281,47.464,337098186.336,0,16000000,16000000,8361281,-7638719,7638719,47.742,0,{},"[8000000,8000000]","{""workers"":2,""incrementosPorThread"":8000000,""incrementosPerdidos"":7638719,""percentualPerdido"":47.74}",nao,
03-worker-sab-corrida,2,10,16000000,8110937,47.164,339243297.893,0,16000000,16000000,8110937,-7889063,7889063,49.3066,0,{},"[8000000,8000000]","{""workers"":2,""incrementosPorThread"":8000000,""incrementosPerdidos"":7889063,""percentualPerdido"":49.31}",nao,
03-worker-sab-corrida,4,1,16000000,4233311,39.982,400181742.538,0,16000000,16000000,4233311,-11766689,11766689,73.5418,0,{},"[4000000,4000000,4000000,4000000]","{""workers"":4,""incrementosPorThread"":4000000,""incrementosPerdidos"":11766689,""percentualPerdido"":73.54}",nao,
03-worker-sab-corrida,4,2,16000000,4189412,39.985,400152558.163,0,16000000,16000000,4189412,-11810588,11810588,73.8162,0,{},"[4000000,4000000,4000000,4000000]","{""workers"":4,""incrementosPorThread"":4000000,""incrementosPerdidos"":11810588,""percentualPerdido"":73.82}",nao,
03-worker-sab-corrida,4,3,16000000,4521317,41.040,389866321.661,0,16000000,16000000,4521317,-11478683,11478683,71.7418,0,{},"[4000000,4000000,4000000,4000000]","{""workers"":4,""incrementosPorThread"":4000000,""incrementosPerdidos"":11478683,""percentualPerdido"":71.74}",nao,
03-worker-sab-corrida,4,4,16000000,4074924,40.017,399826325.440,0,16000000,16000000,4074924,-11925076,11925076,74.5317,0,{},"[4000000,4000000,4000000,4000000]","{""workers"":4,""incrementosPorThread"":4000000,""incrementosPerdidos"":11925076,""percentualPerdido"":74.53}",nao,
03-worker-sab-corrida,4,5,16000000,4595412,41.417,386310526.349,0,16000000,16000000,4595412,-11404588,11404588,71.2787,0,{},"[4000000,4000000,4000000,4000000]","{""workers"":4,""incrementosPorThread"":4000000,""incrementosPerdidos"":11404588,""percentualPerdido"":71.28}",nao,
03-worker-sab-corrida,4,6,16000000,4232983,40.524,394823693.577,0,16000000,16000000,4232983,-11767017,11767017,73.5439,0,{},"[4000000,4000000,4000000,4000000]","{""workers"":4,""incrementosPorThread"":4000000,""incrementosPerdidos"":11767017,""percentualPerdido"":73.54}",nao,
03-worker-sab-corrida,4,7,16000000,3974156,41.406,386416643.506,0,16000000,16000000,3974156,-12025844,12025844,75.1615,0,{},"[4000000,4000000,4000000,4000000]","{""workers"":4,""incrementosPorThread"":4000000,""incrementosPerdidos"":12025844,""percentualPerdido"":75.16}",nao,
03-worker-sab-corrida,4,8,16000000,4323539,39.245,407696110.047,0,16000000,16000000,4323539,-11676461,11676461,72.9779,0,{},"[4000000,4000000,4000000,4000000]","{""workers"":4,""incrementosPorThread"":4000000,""incrementosPerdidos"":11676461,""percentualPerdido"":72.98}",nao,
03-worker-sab-corrida,4,9,16000000,4298998,40.923,390978178.530,0,16000000,16000000,4298998,-11701002,11701002,73.1313,0,{},"[4000000,4000000,4000000,4000000]","{""workers"":4,""incrementosPorThread"":4000000,""incrementosPerdidos"":11701002,""percentualPerdido"":73.13}",nao,
03-worker-sab-corrida,4,10,16000000,4615701,39.774,402270313.079,0,16000000,16000000,4615701,-11384299,11384299,71.1519,0,{},"[4000000,4000000,4000000,4000000]","{""workers"":4,""incrementosPorThread"":4000000,""incrementosPerdidos"":11384299,""percentualPerdido"":71.15}",nao,
03-worker-sab-corrida,8,1,16000000,6487547,55.884,286307991.348,0,16000000,16000000,6487547,-9512453,9512453,59.4528,0,{},"[2000000,2000000,2000000,2000000,2000000,2000000,2000000,2000000]","{""workers"":8,""incrementosPorThread"":2000000,""incrementosPerdidos"":9512453,""percentualPerdido"":59.45}",nao,
03-worker-sab-corrida,8,2,16000000,7642848,56.542,282975487.248,0,16000000,16000000,7642848,-8357152,8357152,52.2322,0,{},"[2000000,2000000,2000000,2000000,2000000,2000000,2000000,2000000]","{""workers"":8,""incrementosPorThread"":2000000,""incrementosPerdidos"":8357152,""percentualPerdido"":52.23}",nao,
03-worker-sab-corrida,8,3,16000000,7978202,55.619,287671049.880,0,16000000,16000000,7978202,-8021798,8021798,50.1362,0,{},"[2000000,2000000,2000000,2000000,2000000,2000000,2000000,2000000]","{""workers"":8,""incrementosPorThread"":2000000,""incrementosPerdidos"":8021798,""percentualPerdido"":50.14}",nao,
03-worker-sab-corrida,8,4,16000000,10385283,59.743,267811744.881,0,16000000,16000000,10385283,-5614717,5614717,35.092,0,{},"[2000000,2000000,2000000,2000000,2000000,2000000,2000000,2000000]","{""workers"":8,""incrementosPorThread"":2000000,""incrementosPerdidos"":5614717,""percentualPerdido"":35.09}",nao,
03-worker-sab-corrida,8,5,16000000,11421222,58.466,273661177.257,0,16000000,16000000,11421222,-4578778,4578778,28.6174,0,{},"[2000000,2000000,2000000,2000000,2000000,2000000,2000000,2000000]","{""workers"":8,""incrementosPorThread"":2000000,""incrementosPerdidos"":4578778,""percentualPerdido"":28.62}",nao,
03-worker-sab-corrida,8,6,16000000,9515435,56.973,280833756.105,0,16000000,16000000,9515435,-6484565,6484565,40.5285,0,{},"[2000000,2000000,2000000,2000000,2000000,2000000,2000000,2000000]","{""workers"":8,""incrementosPorThread"":2000000,""incrementosPerdidos"":6484565,""percentualPerdido"":40.53}",nao,
03-worker-sab-corrida,8,7,16000000,10263940,61.887,258534151.755,0,16000000,16000000,10263940,-5736060,5736060,35.8504,0,{},"[2000000,2000000,2000000,2000000,2000000,2000000,2000000,2000000]","{""workers"":8,""incrementosPorThread"":2000000,""incrementosPerdidos"":5736060,""percentualPerdido"":35.85}",nao,
03-worker-sab-corrida,8,8,16000000,10052030,59.482,268987997.218,0,16000000,16000000,10052030,-5947970,5947970,37.1748,0,{},"[2000000,2000000,2000000,2000000,2000000,2000000,2000000,2000000]","{""workers"":8,""incrementosPorThread"":2000000,""incrementosPerdidos"":5947970,""percentualPerdido"":37.17}",nao,
03-worker-sab-corrida,8,9,16000000,5939029,57.369,278897682.707,0,16000000,16000000,5939029,-10060971,10060971,62.8811,0,{},"[2000000,2000000,2000000,2000000,2000000,2000000,2000000,2000000]","{""workers"":8,""incrementosPorThread"":2000000,""incrementosPerdidos"":10060971,""percentualPerdido"":62.88}",nao,
03-worker-sab-corrida,8,10,16000000,7622028,64.734,247165483.068,0,16000000,16000000,7622028,-8377972,8377972,52.3623,0,{},"[2000000,2000000,2000000,2000000,2000000,2000000,2000000,2000000]","{""workers"":8,""incrementosPorThread"":2000000,""incrementosPerdidos"":8377972,""percentualPerdido"":52.36}",nao,
03-worker-sab-corrida,10,1,16000000,4494227,81.159,197142763.113,0,16000000,16000000,4494227,-11505773,11505773,71.9111,0,{},"[1600000,1600000,1600000,1600000,1600000,1600000,1600000,1600000,1600000,1600000]","{""workers"":10,""incrementosPorThread"":1600000,""incrementosPerdidos"":11505773,""percentualPerdido"":71.91}",nao,
03-worker-sab-corrida,10,2,16000000,7355534,71.141,224904151.122,0,16000000,16000000,7355534,-8644466,8644466,54.0279,0,{},"[1600000,1600000,1600000,1600000,1600000,1600000,1600000,1600000,1600000,1600000]","{""workers"":10,""incrementosPorThread"":1600000,""incrementosPerdidos"":8644466,""percentualPerdido"":54.03}",nao,
03-worker-sab-corrida,10,3,16000000,6412600,75.527,211844770.744,0,16000000,16000000,6412600,-9587400,9587400,59.9213,0,{},"[1600000,1600000,1600000,1600000,1600000,1600000,1600000,1600000,1600000,1600000]","{""workers"":10,""incrementosPorThread"":1600000,""incrementosPerdidos"":9587400,""percentualPerdido"":59.92}",nao,
03-worker-sab-corrida,10,4,16000000,8429105,70.883,225724742.897,0,16000000,16000000,8429105,-7570895,7570895,47.3181,0,{},"[1600000,1600000,1600000,1600000,1600000,1600000,1600000,1600000,1600000,1600000]","{""workers"":10,""incrementosPorThread"":1600000,""incrementosPerdidos"":7570895,""percentualPerdido"":47.32}",nao,
03-worker-sab-corrida,10,5,16000000,4637065,80.650,198387993.400,0,16000000,16000000,4637065,-11362935,11362935,71.0183,0,{},"[1600000,1600000,1600000,1600000,1600000,1600000,1600000,1600000,1600000,1600000]","{""workers"":10,""incrementosPorThread"":1600000,""incrementosPerdidos"":11362935,""percentualPerdido"":71.02}",nao,
03-worker-sab-corrida,10,6,16000000,5282969,76.165,210071163.445,0,16000000,16000000,5282969,-10717031,10717031,66.9814,0,{},"[1600000,1600000,1600000,1600000,1600000,1600000,1600000,1600000,1600000,1600000]","{""workers"":10,""incrementosPorThread"":1600000,""incrementosPerdidos"":10717031,""percentualPerdido"":66.98}",nao,
03-worker-sab-corrida,10,7,16000000,9783418,68.083,235006407.597,0,16000000,16000000,9783418,-6216582,6216582,38.8536,0,{},"[1600000,1600000,1600000,1600000,1600000,1600000,1600000,1600000,1600000,1600000]","{""workers"":10,""incrementosPorThread"":1600000,""incrementosPerdidos"":6216582,""percentualPerdido"":38.85}",nao,
03-worker-sab-corrida,10,8,16000000,7861898,75.304,212471997.353,0,16000000,16000000,7861898,-8138102,8138102,50.8631,0,{},"[1600000,1600000,1600000,1600000,1600000,1600000,1600000,1600000,1600000,1600000]","{""workers"":10,""incrementosPorThread"":1600000,""incrementosPerdidos"":8138102,""percentualPerdido"":50.86}",nao,
03-worker-sab-corrida,10,9,16000000,9147299,81.518,196274766.272,0,16000000,16000000,9147299,-6852701,6852701,42.8294,0,{},"[1600000,1600000,1600000,1600000,1600000,1600000,1600000,1600000,1600000,1600000]","{""workers"":10,""incrementosPorThread"":1600000,""incrementosPerdidos"":6852701,""percentualPerdido"":42.83}",nao,
03-worker-sab-corrida,10,10,16000000,7306789,72.026,222140977.245,0,16000000,16000000,7306789,-8693211,8693211,54.3326,0,{},"[1600000,1600000,1600000,1600000,1600000,1600000,1600000,1600000,1600000,1600000]","{""workers"":10,""incrementosPorThread"":1600000,""incrementosPerdidos"":8693211,""percentualPerdido"":54.33}",nao,
03-worker-sab-corrida,16,1,16000000,6602843,130.908,122223630.086,0,16000000,16000000,6602843,-9397157,9397157,58.7322,0,{},"[1000000,1000000,1000000,1000000,1000000,1000000,1000000,1000000,1000000,1000000,1000000,1000000,1000000,1000000,1000000,1000000]","{""workers"":16,""incrementosPorThread"":1000000,""incrementosPerdidos"":9397157,""percentualPerdido"":58.73}",nao,
03-worker-sab-corrida,16,2,16000000,5387090,130.720,122399137.851,0,16000000,16000000,5387090,-10612910,10612910,66.3307,0,{},"[1000000,1000000,1000000,1000000,1000000,1000000,1000000,1000000,1000000,1000000,1000000,1000000,1000000,1000000,1000000,1000000]","{""workers"":16,""incrementosPorThread"":1000000,""incrementosPerdidos"":10612910,""percentualPerdido"":66.33}",nao,
03-worker-sab-corrida,16,3,16000000,6809744,140.215,114110371.474,0,16000000,16000000,6809744,-9190256,9190256,57.4391,0,{},"[1000000,1000000,1000000,1000000,1000000,1000000,1000000,1000000,1000000,1000000,1000000,1000000,1000000,1000000,1000000,1000000]","{""workers"":16,""incrementosPorThread"":1000000,""incrementosPerdidos"":9190256,""percentualPerdido"":57.44}",nao,
03-worker-sab-corrida,16,4,16000000,3713644,144.765,110524238.915,0,16000000,16000000,3713644,-12286356,12286356,76.7897,0,{},"[1000000,1000000,1000000,1000000,1000000,1000000,1000000,1000000,1000000,1000000,1000000,1000000,1000000,1000000,1000000,1000000]","{""workers"":16,""incrementosPorThread"":1000000,""incrementosPerdidos"":12286356,""percentualPerdido"":76.79}",nao,
03-worker-sab-corrida,16,5,16000000,5281434,127.467,125522930.490,0,16000000,16000000,5281434,-10718566,10718566,66.991,0,{},"[1000000,1000000,1000000,1000000,1000000,1000000,1000000,1000000,1000000,1000000,1000000,1000000,1000000,1000000,1000000,1000000]","{""workers"":16,""incrementosPorThread"":1000000,""incrementosPerdidos"":10718566,""percentualPerdido"":66.99}",nao,
03-worker-sab-corrida,16,6,16000000,4951434,132.999,120301769.470,0,16000000,16000000,4951434,-11048566,11048566,69.0535,0,{},"[1000000,1000000,1000000,1000000,1000000,1000000,1000000,1000000,1000000,1000000,1000000,1000000,1000000,1000000,1000000,1000000]","{""workers"":16,""incrementosPorThread"":1000000,""incrementosPerdidos"":11048566,""percentualPerdido"":69.05}",nao,
03-worker-sab-corrida,16,7,16000000,6561357,116.700,137103880.860,0,16000000,16000000,6561357,-9438643,9438643,58.9915,0,{},"[1000000,1000000,1000000,1000000,1000000,1000000,1000000,1000000,1000000,1000000,1000000,1000000,1000000,1000000,1000000,1000000]","{""workers"":16,""incrementosPorThread"":1000000,""incrementosPerdidos"":9438643,""percentualPerdido"":58.99}",nao,
03-worker-sab-corrida,16,8,16000000,5761230,146.314,109353668.559,0,16000000,16000000,5761230,-10238770,10238770,63.9923,0,{},"[1000000,1000000,1000000,1000000,1000000,1000000,1000000,1000000,1000000,1000000,1000000,1000000,1000000,1000000,1000000,1000000]","{""workers"":16,""incrementosPorThread"":1000000,""incrementosPerdidos"":10238770,""percentualPerdido"":63.99}",nao,
03-worker-sab-corrida,16,9,16000000,7373454,127.404,125584342.967,0,16000000,16000000,7373454,-8626546,8626546,53.9159,0,{},"[1000000,1000000,1000000,1000000,1000000,1000000,1000000,1000000,1000000,1000000,1000000,1000000,1000000,1000000,1000000,1000000]","{""workers"":16,""incrementosPorThread"":1000000,""incrementosPerdidos"":8626546,""percentualPerdido"":53.92}",nao,
03-worker-sab-corrida,16,10,16000000,10788749,109.145,146593980.485,0,16000000,16000000,10788749,-5211251,5211251,32.5703,0,{},"[1000000,1000000,1000000,1000000,1000000,1000000,1000000,1000000,1000000,1000000,1000000,1000000,1000000,1000000,1000000,1000000]","{""workers"":16,""incrementosPorThread"":1000000,""incrementosPerdidos"":5211251,""percentualPerdido"":32.57}",nao,
03-worker-sab-corrida,20,1,16000000,7102209,151.853,105365288.746,0,16000000,16000000,7102209,-8897791,8897791,55.6112,0,{},"[800000,800000,800000,800000,800000,800000,800000,800000,800000,800000,800000,800000,800000,800000,800000,800000,800000,800000,800000,800000]","{""workers"":20,""incrementosPorThread"":800000,""incrementosPerdidos"":8897791,""percentualPerdido"":55.61}",nao,
03-worker-sab-corrida,20,2,16000000,6887583,154.024,103880083.429,0,16000000,16000000,6887583,-9112417,9112417,56.9526,0,{},"[800000,800000,800000,800000,800000,800000,800000,800000,800000,800000,800000,800000,800000,800000,800000,800000,800000,800000,800000,800000]","{""workers"":20,""incrementosPorThread"":800000,""incrementosPerdidos"":9112417,""percentualPerdido"":56.95}",nao,
03-worker-sab-corrida,20,3,16000000,4529945,157.068,101866490.798,0,16000000,16000000,4529945,-11470055,11470055,71.6878,0,{},"[800000,800000,800000,800000,800000,800000,800000,800000,800000,800000,800000,800000,800000,800000,800000,800000,800000,800000,800000,800000]","{""workers"":20,""incrementosPorThread"":800000,""incrementosPerdidos"":11470055,""percentualPerdido"":71.69}",nao,
03-worker-sab-corrida,20,4,16000000,6118139,165.102,96909887.124,0,16000000,16000000,6118139,-9881861,9881861,61.7616,0,{},"[800000,800000,800000,800000,800000,800000,800000,800000,800000,800000,800000,800000,800000,800000,800000,800000,800000,800000,800000,800000]","{""workers"":20,""incrementosPorThread"":800000,""incrementosPerdidos"":9881861,""percentualPerdido"":61.76}",nao,
03-worker-sab-corrida,20,5,16000000,5334567,161.714,98940155.527,0,16000000,16000000,5334567,-10665433,10665433,66.659,0,{},"[800000,800000,800000,800000,800000,800000,800000,800000,800000,800000,800000,800000,800000,800000,800000,800000,800000,800000,800000,800000]","{""workers"":20,""incrementosPorThread"":800000,""incrementosPerdidos"":10665433,""percentualPerdido"":66.66}",nao,
03-worker-sab-corrida,20,6,16000000,6262338,159.381,100388561.456,0,16000000,16000000,6262338,-9737662,9737662,60.8604,0,{},"[800000,800000,800000,800000,800000,800000,800000,800000,800000,800000,800000,800000,800000,800000,800000,800000,800000,800000,800000,800000]","{""workers"":20,""incrementosPorThread"":800000,""incrementosPerdidos"":9737662,""percentualPerdido"":60.86}",nao,
03-worker-sab-corrida,20,7,16000000,4568809,158.973,100645837.419,0,16000000,16000000,4568809,-11431191,11431191,71.4449,0,{},"[800000,800000,800000,800000,800000,800000,800000,800000,800000,800000,800000,800000,800000,800000,800000,800000,800000,800000,800000,800000]","{""workers"":20,""incrementosPorThread"":800000,""incrementosPerdidos"":11431191,""percentualPerdido"":71.44}",nao,
03-worker-sab-corrida,20,8,16000000,7665505,154.267,103716255.868,0,16000000,16000000,7665505,-8334495,8334495,52.0906,0,{},"[800000,800000,800000,800000,800000,800000,800000,800000,800000,800000,800000,800000,800000,800000,800000,800000,800000,800000,800000,800000]","{""workers"":20,""incrementosPorThread"":800000,""incrementosPerdidos"":8334495,""percentualPerdido"":52.09}",nao,
03-worker-sab-corrida,20,9,16000000,4238590,171.411,93342855.238,0,16000000,16000000,4238590,-11761410,11761410,73.5088,0,{},"[800000,800000,800000,800000,800000,800000,800000,800000,800000,800000,800000,800000,800000,800000,800000,800000,800000,800000,800000,800000]","{""workers"":20,""incrementosPorThread"":800000,""incrementosPerdidos"":11761410,""percentualPerdido"":73.51}",nao,
03-worker-sab-corrida,20,10,16000000,4697598,171.020,93556127.037,0,16000000,16000000,4697598,-11302402,11302402,70.64,0,{},"[800000,800000,800000,800000,800000,800000,800000,800000,800000,800000,800000,800000,800000,800000,800000,800000,800000,800000,800000,800000]","{""workers"":20,""incrementosPorThread"":800000,""incrementosPerdidos"":11302402,""percentualPerdido"":70.64}",nao,
04-worker-banco,1,1,200,200,161.493,1238.444,10000,-200,9800,9800,0,0,0,0,{},[200],"{""workers"":1,""saquesEfetivados"":200,""saquesRegistrados"":200}",nao,
04-worker-banco,1,2,200,200,162.331,1232.054,10000,-200,9800,9800,0,0,0,0,{},[200],"{""workers"":1,""saquesEfetivados"":200,""saquesRegistrados"":200}",nao,
04-worker-banco,1,3,200,200,161.588,1237.713,10000,-200,9800,9800,0,0,0,0,{},[200],"{""workers"":1,""saquesEfetivados"":200,""saquesRegistrados"":200}",nao,
04-worker-banco,1,4,200,200,156.029,1281.813,10000,-200,9800,9800,0,0,0,0,{},[200],"{""workers"":1,""saquesEfetivados"":200,""saquesRegistrados"":200}",nao,
04-worker-banco,1,5,200,200,165.748,1206.653,10000,-200,9800,9800,0,0,0,0,{},[200],"{""workers"":1,""saquesEfetivados"":200,""saquesRegistrados"":200}",nao,
04-worker-banco,1,6,200,200,163.099,1226.247,10000,-200,9800,9800,0,0,0,0,{},[200],"{""workers"":1,""saquesEfetivados"":200,""saquesRegistrados"":200}",nao,
04-worker-banco,1,7,200,200,162.892,1227.804,10000,-200,9800,9800,0,0,0,0,{},[200],"{""workers"":1,""saquesEfetivados"":200,""saquesRegistrados"":200}",nao,
04-worker-banco,1,8,200,200,162.122,1233.641,10000,-200,9800,9800,0,0,0,0,{},[200],"{""workers"":1,""saquesEfetivados"":200,""saquesRegistrados"":200}",nao,
04-worker-banco,1,9,200,200,163.811,1220.922,10000,-200,9800,9800,0,0,0,0,{},[200],"{""workers"":1,""saquesEfetivados"":200,""saquesRegistrados"":200}",nao,
04-worker-banco,1,10,200,200,176.225,1134.915,10000,-200,9800,9800,0,0,0,0,{},[200],"{""workers"":1,""saquesEfetivados"":200,""saquesRegistrados"":200}",nao,
04-worker-banco,2,1,200,200,134.011,1492.414,10000,-200,9800,9879,79,79,39.5,0,{},"[100,100]","{""workers"":2,""saquesEfetivados"":121,""saquesRegistrados"":200}",nao,
04-worker-banco,2,2,200,200,130.086,1537.444,10000,-200,9800,9887,87,87,43.5,0,{},"[100,100]","{""workers"":2,""saquesEfetivados"":113,""saquesRegistrados"":200}",nao,
04-worker-banco,2,3,200,200,128.270,1559.212,10000,-200,9800,9883,83,83,41.5,0,{},"[100,100]","{""workers"":2,""saquesEfetivados"":117,""saquesRegistrados"":200}",nao,
04-worker-banco,2,4,200,200,129.786,1540.994,10000,-200,9800,9877,77,77,38.5,0,{},"[100,100]","{""workers"":2,""saquesEfetivados"":123,""saquesRegistrados"":200}",nao,
04-worker-banco,2,5,200,200,150.653,1327.555,10000,-200,9800,9880,80,80,40,0,{},"[100,100]","{""workers"":2,""saquesEfetivados"":120,""saquesRegistrados"":200}",nao,
04-worker-banco,2,6,200,200,132.422,1510.320,10000,-200,9800,9878,78,78,39,0,{},"[100,100]","{""workers"":2,""saquesEfetivados"":122,""saquesRegistrados"":200}",nao,
04-worker-banco,2,7,200,200,131.095,1525.611,10000,-200,9800,9877,77,77,38.5,0,{},"[100,100]","{""workers"":2,""saquesEfetivados"":123,""saquesRegistrados"":200}",nao,
04-worker-banco,2,8,200,200,132.363,1511.000,10000,-200,9800,9827,27,27,13.5,0,{},"[100,100]","{""workers"":2,""saquesEfetivados"":173,""saquesRegistrados"":200}",nao,
04-worker-banco,2,9,200,200,128.592,1555.304,10000,-200,9800,9890,90,90,45,0,{},"[100,100]","{""workers"":2,""saquesEfetivados"":110,""saquesRegistrados"":200}",nao,
04-worker-banco,2,10,200,200,127.871,1564.080,10000,-200,9800,9885,85,85,42.5,0,{},"[100,100]","{""workers"":2,""saquesEfetivados"":115,""saquesRegistrados"":200}",nao,
04-worker-banco,4,1,200,200,136.291,1467.454,10000,-200,9800,9912,112,112,56,0,{},"[50,50,50,50]","{""workers"":4,""saquesEfetivados"":88,""saquesRegistrados"":200}",nao,
04-worker-banco,4,2,200,200,140.411,1424.387,10000,-200,9800,9908,108,108,54,0,{},"[50,50,50,50]","{""workers"":4,""saquesEfetivados"":92,""saquesRegistrados"":200}",nao,
04-worker-banco,4,3,200,200,136.327,1467.056,10000,-200,9800,9907,107,107,53.5,0,{},"[50,50,50,50]","{""workers"":4,""saquesEfetivados"":93,""saquesRegistrados"":200}",nao,
04-worker-banco,4,4,200,200,143.848,1390.359,10000,-200,9800,9911,111,111,55.5,0,{},"[50,50,50,50]","{""workers"":4,""saquesEfetivados"":89,""saquesRegistrados"":200}",nao,
04-worker-banco,4,5,200,200,137.874,1450.600,10000,-200,9800,9907,107,107,53.5,0,{},"[50,50,50,50]","{""workers"":4,""saquesEfetivados"":93,""saquesRegistrados"":200}",nao,
04-worker-banco,4,6,200,200,135.509,1475.918,10000,-200,9800,9910,110,110,55,0,{},"[50,50,50,50]","{""workers"":4,""saquesEfetivados"":90,""saquesRegistrados"":200}",nao,
04-worker-banco,4,7,200,200,137.652,1452.938,10000,-200,9800,9906,106,106,53,0,{},"[50,50,50,50]","{""workers"":4,""saquesEfetivados"":94,""saquesRegistrados"":200}",nao,
04-worker-banco,4,8,200,200,147.034,1360.226,10000,-200,9800,9911,111,111,55.5,0,{},"[50,50,50,50]","{""workers"":4,""saquesEfetivados"":89,""saquesRegistrados"":200}",nao,
04-worker-banco,4,9,200,200,134.906,1482.516,10000,-200,9800,9905,105,105,52.5,0,{},"[50,50,50,50]","{""workers"":4,""saquesEfetivados"":95,""saquesRegistrados"":200}",nao,
04-worker-banco,4,10,200,200,133.867,1494.019,10000,-200,9800,9911,111,111,55.5,0,{},"[50,50,50,50]","{""workers"":4,""saquesEfetivados"":89,""saquesRegistrados"":200}",nao,
04-worker-banco,8,1,200,200,175.917,1136.902,10000,-200,9800,9936,136,136,68,0,{},"[25,25,25,25,25,25,25,25]","{""workers"":8,""saquesEfetivados"":64,""saquesRegistrados"":200}",nao,
04-worker-banco,8,2,200,200,192.066,1041.309,10000,-200,9800,9939,139,139,69.5,0,{},"[25,25,25,25,25,25,25,25]","{""workers"":8,""saquesEfetivados"":61,""saquesRegistrados"":200}",nao,
04-worker-banco,8,3,200,200,188.953,1058.462,10000,-200,9800,9926,126,126,63,0,{},"[25,25,25,25,25,25,25,25]","{""workers"":8,""saquesEfetivados"":74,""saquesRegistrados"":200}",nao,
04-worker-banco,8,4,200,200,188.311,1062.074,10000,-200,9800,9943,143,143,71.5,0,{},"[25,25,25,25,25,25,25,25]","{""workers"":8,""saquesEfetivados"":57,""saquesRegistrados"":200}",nao,
04-worker-banco,8,5,200,200,222.682,898.143,10000,-200,9800,9916,116,116,58,0,{},"[25,25,25,25,25,25,25,25]","{""workers"":8,""saquesEfetivados"":84,""saquesRegistrados"":200}",nao,
04-worker-banco,8,6,200,200,214.727,931.414,10000,-200,9800,9912,112,112,56,0,{},"[25,25,25,25,25,25,25,25]","{""workers"":8,""saquesEfetivados"":88,""saquesRegistrados"":200}",nao,
04-worker-banco,8,7,200,200,189.852,1053.451,10000,-200,9800,9938,138,138,69,0,{},"[25,25,25,25,25,25,25,25]","{""workers"":8,""saquesEfetivados"":62,""saquesRegistrados"":200}",nao,
04-worker-banco,8,8,200,200,218.933,913.521,10000,-200,9800,9913,113,113,56.5,0,{},"[25,25,25,25,25,25,25,25]","{""workers"":8,""saquesEfetivados"":87,""saquesRegistrados"":200}",nao,
04-worker-banco,8,9,200,200,210.284,951.096,10000,-200,9800,9953,153,153,76.5,0,{},"[25,25,25,25,25,25,25,25]","{""workers"":8,""saquesEfetivados"":47,""saquesRegistrados"":200}",nao,
04-worker-banco,8,10,200,200,189.597,1054.869,10000,-200,9800,9930,130,130,65,0,{},"[25,25,25,25,25,25,25,25]","{""workers"":8,""saquesEfetivados"":70,""saquesRegistrados"":200}",nao,
04-worker-banco,10,1,200,200,288.174,694.025,10000,-200,9800,9914,114,114,57,0,{},"[20,20,20,20,20,20,20,20,20,20]","{""workers"":10,""saquesEfetivados"":86,""saquesRegistrados"":200}",nao,
04-worker-banco,10,2,200,200,248.436,805.037,10000,-200,9800,9934,134,134,67,0,{},"[20,20,20,20,20,20,20,20,20,20]","{""workers"":10,""saquesEfetivados"":66,""saquesRegistrados"":200}",nao,
04-worker-banco,10,3,200,200,314.863,635.196,10000,-200,9800,9956,156,156,78,0,{},"[20,20,20,20,20,20,20,20,20,20]","{""workers"":10,""saquesEfetivados"":44,""saquesRegistrados"":200}",nao,
04-worker-banco,10,4,200,200,346.047,577.957,10000,-200,9800,9945,145,145,72.5,0,{},"[20,20,20,20,20,20,20,20,20,20]","{""workers"":10,""saquesEfetivados"":55,""saquesRegistrados"":200}",nao,
04-worker-banco,10,5,200,200,340.975,586.554,10000,-200,9800,9916,116,116,58,0,{},"[20,20,20,20,20,20,20,20,20,20]","{""workers"":10,""saquesEfetivados"":84,""saquesRegistrados"":200}",nao,
04-worker-banco,10,6,200,200,342.911,583.241,10000,-200,9800,9942,142,142,71,0,{},"[20,20,20,20,20,20,20,20,20,20]","{""workers"":10,""saquesEfetivados"":58,""saquesRegistrados"":200}",nao,
04-worker-banco,10,7,200,200,319.610,625.763,10000,-200,9800,9925,125,125,62.5,0,{},"[20,20,20,20,20,20,20,20,20,20]","{""workers"":10,""saquesEfetivados"":75,""saquesRegistrados"":200}",nao,
04-worker-banco,10,8,200,200,305.280,655.137,10000,-200,9800,9942,142,142,71,0,{},"[20,20,20,20,20,20,20,20,20,20]","{""workers"":10,""saquesEfetivados"":58,""saquesRegistrados"":200}",nao,
04-worker-banco,10,9,200,200,298.080,670.960,10000,-200,9800,9947,147,147,73.5,0,{},"[20,20,20,20,20,20,20,20,20,20]","{""workers"":10,""saquesEfetivados"":53,""saquesRegistrados"":200}",nao,
04-worker-banco,10,10,200,200,371.082,538.964,10000,-200,9800,9921,121,121,60.5,0,{},"[20,20,20,20,20,20,20,20,20,20]","{""workers"":10,""saquesEfetivados"":79,""saquesRegistrados"":200}",nao,
04-worker-banco,16,1,200,200,494.669,404.311,10000,-200,9800,9915,115,115,57.5,0,{},"[13,13,13,13,13,13,13,13,12,12,12,12,12,12,12,12]","{""workers"":16,""saquesEfetivados"":85,""saquesRegistrados"":200}",nao,
04-worker-banco,16,2,200,200,376.258,531.550,10000,-200,9800,9960,160,160,80,0,{},"[13,13,13,13,13,13,13,13,12,12,12,12,12,12,12,12]","{""workers"":16,""saquesEfetivados"":40,""saquesRegistrados"":200}",nao,
04-worker-banco,16,3,200,200,366.604,545.548,10000,-200,9800,9921,121,121,60.5,0,{},"[13,13,13,13,13,13,13,13,12,12,12,12,12,12,12,12]","{""workers"":16,""saquesEfetivados"":79,""saquesRegistrados"":200}",nao,
04-worker-banco,16,4,200,200,337.102,593.292,10000,-200,9800,9942,142,142,71,0,{},"[13,13,13,13,13,13,13,13,12,12,12,12,12,12,12,12]","{""workers"":16,""saquesEfetivados"":58,""saquesRegistrados"":200}",nao,
04-worker-banco,16,5,200,200,353.545,565.698,10000,-200,9800,9920,120,120,60,0,{},"[13,13,13,13,13,13,13,13,12,12,12,12,12,12,12,12]","{""workers"":16,""saquesEfetivados"":80,""saquesRegistrados"":200}",nao,
04-worker-banco,16,6,200,200,347.345,575.796,10000,-200,9800,9929,129,129,64.5,0,{},"[13,13,13,13,13,13,13,13,12,12,12,12,12,12,12,12]","{""workers"":16,""saquesEfetivados"":71,""saquesRegistrados"":200}",nao,
04-worker-banco,16,7,200,200,430.205,464.895,10000,-200,9800,9940,140,140,70,0,{},"[13,13,13,13,13,13,13,13,12,12,12,12,12,12,12,12]","{""workers"":16,""saquesEfetivados"":60,""saquesRegistrados"":200}",nao,
04-worker-banco,16,8,200,200,377.017,530.481,10000,-200,9800,9943,143,143,71.5,0,{},"[13,13,13,13,13,13,13,13,12,12,12,12,12,12,12,12]","{""workers"":16,""saquesEfetivados"":57,""saquesRegistrados"":200}",nao,
04-worker-banco,16,9,200,200,373.332,535.715,10000,-200,9800,9951,151,151,75.5,0,{},"[13,13,13,13,13,13,13,13,12,12,12,12,12,12,12,12]","{""workers"":16,""saquesEfetivados"":49,""saquesRegistrados"":200}",nao,
04-worker-banco,16,10,200,200,328.759,608.349,10000,-200,9800,9948,148,148,74,0,{},"[13,13,13,13,13,13,13,13,12,12,12,12,12,12,12,12]","{""workers"":16,""saquesEfetivados"":52,""saquesRegistrados"":200}",nao,
04-worker-banco,20,1,200,200,444.613,449.829,10000,-200,9800,9958,158,158,79,0,{},"[10,10,10,10,10,10,10,10,10,10,10,10,10,10,10,10,10,10,10,10]","{""workers"":20,""saquesEfetivados"":42,""saquesRegistrados"":200}",nao,
04-worker-banco,20,2,200,200,420.565,475.551,10000,-200,9800,9928,128,128,64,0,{},"[10,10,10,10,10,10,10,10,10,10,10,10,10,10,10,10,10,10,10,10]","{""workers"":20,""saquesEfetivados"":72,""saquesRegistrados"":200}",nao,
04-worker-banco,20,3,200,200,452.476,442.013,10000,-200,9800,9910,110,110,55,0,{},"[10,10,10,10,10,10,10,10,10,10,10,10,10,10,10,10,10,10,10,10]","{""workers"":20,""saquesEfetivados"":90,""saquesRegistrados"":200}",nao,
04-worker-banco,20,4,200,200,414.325,482.713,10000,-200,9800,9948,148,148,74,0,{},"[10,10,10,10,10,10,10,10,10,10,10,10,10,10,10,10,10,10,10,10]","{""workers"":20,""saquesEfetivados"":52,""saquesRegistrados"":200}",nao,
04-worker-banco,20,5,200,200,446.020,448.410,10000,-200,9800,9919,119,119,59.5,0,{},"[10,10,10,10,10,10,10,10,10,10,10,10,10,10,10,10,10,10,10,10]","{""workers"":20,""saquesEfetivados"":81,""saquesRegistrados"":200}",nao,
04-worker-banco,20,6,200,200,460.075,434.711,10000,-200,9800,9926,126,126,63,0,{},"[10,10,10,10,10,10,10,10,10,10,10,10,10,10,10,10,10,10,10,10]","{""workers"":20,""saquesEfetivados"":74,""saquesRegistrados"":200}",nao,
04-worker-banco,20,7,200,200,418.518,477.877,10000,-200,9800,9932,132,132,66,0,{},"[10,10,10,10,10,10,10,10,10,10,10,10,10,10,10,10,10,10,10,10]","{""workers"":20,""saquesEfetivados"":68,""saquesRegistrados"":200}",nao,
04-worker-banco,20,8,200,200,407.925,490.286,10000,-200,9800,9942,142,142,71,0,{},"[10,10,10,10,10,10,10,10,10,10,10,10,10,10,10,10,10,10,10,10]","{""workers"":20,""saquesEfetivados"":58,""saquesRegistrados"":200}",nao,
04-worker-banco,20,9,200,200,450.493,443.958,10000,-200,9800,9942,142,142,71,0,{},"[10,10,10,10,10,10,10,10,10,10,10,10,10,10,10,10,10,10,10,10]","{""workers"":20,""saquesEfetivados"":58,""saquesRegistrados"":200}",nao,
04-worker-banco,20,10,200,200,503.746,397.026,10000,-200,9800,9922,122,122,61,0,{},"[10,10,10,10,10,10,10,10,10,10,10,10,10,10,10,10,10,10,10,10]","{""workers"":20,""saquesEfetivados"":78,""saquesRegistrados"":200}",nao,
05-worker-leitura-suja,1,1,40,40,765.899,52.226,40000,0,40000,40000,0,0,0,0,{},[40],"{""workers"":1,""contasSemeadas"":40,""amostras"":7482,""amostrasSujas"":6701,""percentualSujo"":89.6,""totalMinimoObservado"":39900,""totalMaximoObservado"":40000,""maiorBuraco"":100,""pausaMs"":15}",nao,
05-worker-leitura-suja,1,2,40,40,766.240,52.203,40000,0,40000,40000,0,0,0,0,{},[40],"{""workers"":1,""contasSemeadas"":40,""amostras"":7457,""amostrasSujas"":6710,""percentualSujo"":90,""totalMinimoObservado"":39900,""totalMaximoObservado"":40000,""maiorBuraco"":100,""pausaMs"":15}",nao,
05-worker-leitura-suja,1,3,40,40,766.275,52.201,40000,0,40000,40000,0,0,0,0,{},[40],"{""workers"":1,""contasSemeadas"":40,""amostras"":7513,""amostrasSujas"":6763,""percentualSujo"":90,""totalMinimoObservado"":39900,""totalMaximoObservado"":40000,""maiorBuraco"":100,""pausaMs"":15}",nao,
05-worker-leitura-suja,1,4,40,40,773.158,51.736,40000,0,40000,40000,0,0,0,0,{},[40],"{""workers"":1,""contasSemeadas"":40,""amostras"":7574,""amostrasSujas"":6789,""percentualSujo"":89.6,""totalMinimoObservado"":39900,""totalMaximoObservado"":40000,""maiorBuraco"":100,""pausaMs"":15}",nao,
05-worker-leitura-suja,1,5,40,40,781.692,51.171,40000,0,40000,40000,0,0,0,0,{},[40],"{""workers"":1,""contasSemeadas"":40,""amostras"":7319,""amostrasSujas"":6506,""percentualSujo"":88.9,""totalMinimoObservado"":39900,""totalMaximoObservado"":40000,""maiorBuraco"":100,""pausaMs"":15}",nao,
05-worker-leitura-suja,1,6,40,40,819.169,48.830,40000,0,40000,40000,0,0,0,0,{},[40],"{""workers"":1,""contasSemeadas"":40,""amostras"":7448,""amostrasSujas"":6648,""percentualSujo"":89.3,""totalMinimoObservado"":39900,""totalMaximoObservado"":40000,""maiorBuraco"":100,""pausaMs"":15}",nao,
05-worker-leitura-suja,1,7,40,40,767.926,52.088,40000,0,40000,40000,0,0,0,0,{},[40],"{""workers"":1,""contasSemeadas"":40,""amostras"":7529,""amostrasSujas"":6757,""percentualSujo"":89.7,""totalMinimoObservado"":39900,""totalMaximoObservado"":40000,""maiorBuraco"":100,""pausaMs"":15}",nao,
05-worker-leitura-suja,1,8,40,40,786.998,50.826,40000,0,40000,40000,0,0,0,0,{},[40],"{""workers"":1,""contasSemeadas"":40,""amostras"":7905,""amostrasSujas"":7142,""percentualSujo"":90.3,""totalMinimoObservado"":39900,""totalMaximoObservado"":40000,""maiorBuraco"":100,""pausaMs"":15}",nao,
05-worker-leitura-suja,1,9,40,40,794.287,50.360,40000,0,40000,40000,0,0,0,0,{},[40],"{""workers"":1,""contasSemeadas"":40,""amostras"":7111,""amostrasSujas"":6409,""percentualSujo"":90.1,""totalMinimoObservado"":39900,""totalMaximoObservado"":40000,""maiorBuraco"":100,""pausaMs"":15}",nao,
05-worker-leitura-suja,1,10,40,40,760.456,52.600,40000,0,40000,40000,0,0,0,0,{},[40],"{""workers"":1,""contasSemeadas"":40,""amostras"":7439,""amostrasSujas"":6659,""percentualSujo"":89.5,""totalMinimoObservado"":39900,""totalMaximoObservado"":40000,""maiorBuraco"":100,""pausaMs"":15}",nao,
05-worker-leitura-suja,2,1,40,40,467.264,85.605,40000,0,40000,40000,0,0,0,0,{},"[20,20]","{""workers"":2,""contasSemeadas"":40,""amostras"":3640,""amostrasSujas"":3209,""percentualSujo"":88.2,""totalMinimoObservado"":39800,""totalMaximoObservado"":40000,""maiorBuraco"":200,""pausaMs"":15}",nao,
05-worker-leitura-suja,2,2,40,40,475.352,84.148,40000,0,40000,40000,0,0,0,0,{},"[20,20]","{""workers"":2,""contasSemeadas"":40,""amostras"":3636,""amostrasSujas"":3288,""percentualSujo"":90.4,""totalMinimoObservado"":39800,""totalMaximoObservado"":40000,""maiorBuraco"":200,""pausaMs"":15}",nao,
05-worker-leitura-suja,2,3,40,40,465.610,85.909,40000,0,40000,40000,0,0,0,0,{},"[20,20]","{""workers"":2,""contasSemeadas"":40,""amostras"":3642,""amostrasSujas"":3293,""percentualSujo"":90.4,""totalMinimoObservado"":39800,""totalMaximoObservado"":40000,""maiorBuraco"":200,""pausaMs"":15}",nao,
05-worker-leitura-suja,2,4,40,40,416.623,96.010,40000,0,40000,40000,0,0,0,0,{},"[20,20]","{""workers"":2,""contasSemeadas"":40,""amostras"":4201,""amostrasSujas"":3817,""percentualSujo"":90.9,""totalMinimoObservado"":39800,""totalMaximoObservado"":40000,""maiorBuraco"":200,""pausaMs"":15}",nao,
05-worker-leitura-suja,2,5,40,40,420.562,95.111,40000,0,40000,40000,0,0,0,0,{},"[20,20]","{""workers"":2,""contasSemeadas"":40,""amostras"":4094,""amostrasSujas"":3676,""percentualSujo"":89.8,""totalMinimoObservado"":39800,""totalMaximoObservado"":40000,""maiorBuraco"":200,""pausaMs"":15}",nao,
05-worker-leitura-suja,2,6,40,40,442.894,90.315,40000,0,40000,40000,0,0,0,0,{},"[20,20]","{""workers"":2,""contasSemeadas"":40,""amostras"":4370,""amostrasSujas"":3958,""percentualSujo"":90.6,""totalMinimoObservado"":39800,""totalMaximoObservado"":40000,""maiorBuraco"":200,""pausaMs"":15}",nao,
05-worker-leitura-suja,2,7,40,40,428.185,93.418,40000,0,40000,40000,0,0,0,0,{},"[20,20]","{""workers"":2,""contasSemeadas"":40,""amostras"":4416,""amostrasSujas"":3969,""percentualSujo"":89.9,""totalMinimoObservado"":39800,""totalMaximoObservado"":40000,""maiorBuraco"":200,""pausaMs"":15}",nao,
05-worker-leitura-suja,2,8,40,40,432.628,92.458,40000,0,40000,40000,0,0,0,0,{},"[20,20]","{""workers"":2,""contasSemeadas"":40,""amostras"":3961,""amostrasSujas"":3557,""percentualSujo"":89.8,""totalMinimoObservado"":39800,""totalMaximoObservado"":40000,""maiorBuraco"":200,""pausaMs"":15}",nao,
05-worker-leitura-suja,2,9,40,40,428.024,93.453,40000,0,40000,40000,0,0,0,0,{},"[20,20]","{""workers"":2,""contasSemeadas"":40,""amostras"":4126,""amostrasSujas"":3704,""percentualSujo"":89.8,""totalMinimoObservado"":39800,""totalMaximoObservado"":40000,""maiorBuraco"":200,""pausaMs"":15}",nao,
05-worker-leitura-suja,2,10,40,40,422.457,94.684,40000,0,40000,40000,0,0,0,0,{},"[20,20]","{""workers"":2,""contasSemeadas"":40,""amostras"":4058,""amostrasSujas"":3626,""percentualSujo"":89.4,""totalMinimoObservado"":39800,""totalMaximoObservado"":40000,""maiorBuraco"":200,""pausaMs"":15}",nao,
05-worker-leitura-suja,4,1,40,40,264.282,151.354,40000,0,40000,40000,0,0,0,0,{},"[10,10,10,10]","{""workers"":4,""contasSemeadas"":40,""amostras"":2125,""amostrasSujas"":1865,""percentualSujo"":87.8,""totalMinimoObservado"":39600,""totalMaximoObservado"":40000,""maiorBuraco"":400,""pausaMs"":15}",nao,
05-worker-leitura-suja,4,2,40,40,272.541,146.767,40000,0,40000,40000,0,0,0,0,{},"[10,10,10,10]","{""workers"":4,""contasSemeadas"":40,""amostras"":2220,""amostrasSujas"":1929,""percentualSujo"":86.9,""totalMinimoObservado"":39600,""totalMaximoObservado"":40000,""maiorBuraco"":400,""pausaMs"":15}",nao,
05-worker-leitura-suja,4,3,40,40,285.327,140.190,40000,0,40000,40000,0,0,0,0,{},"[10,10,10,10]","{""workers"":4,""contasSemeadas"":40,""amostras"":1973,""amostrasSujas"":1685,""percentualSujo"":85.4,""totalMinimoObservado"":39600,""totalMaximoObservado"":40000,""maiorBuraco"":400,""pausaMs"":15}",nao,
05-worker-leitura-suja,4,4,40,40,314.090,127.352,40000,0,40000,40000,0,0,0,0,{},"[10,10,10,10]","{""workers"":4,""contasSemeadas"":40,""amostras"":1600,""amostrasSujas"":1428,""percentualSujo"":89.3,""totalMinimoObservado"":39600,""totalMaximoObservado"":40000,""maiorBuraco"":400,""pausaMs"":15}",nao,
05-worker-leitura-suja,4,5,40,40,310.796,128.702,40000,0,40000,40000,0,0,0,0,{},"[10,10,10,10]","{""workers"":4,""contasSemeadas"":40,""amostras"":1870,""amostrasSujas"":1637,""percentualSujo"":87.5,""totalMinimoObservado"":39600,""totalMaximoObservado"":40000,""maiorBuraco"":400,""pausaMs"":15}",nao,
05-worker-leitura-suja,4,6,40,40,322.575,124.002,40000,0,40000,40000,0,0,0,0,{},"[10,10,10,10]","{""workers"":4,""contasSemeadas"":40,""amostras"":1821,""amostrasSujas"":1622,""percentualSujo"":89.1,""totalMinimoObservado"":39600,""totalMaximoObservado"":40000,""maiorBuraco"":400,""pausaMs"":15}",nao,
05-worker-leitura-suja,4,7,40,40,304.959,131.165,40000,0,40000,40000,0,0,0,0,{},"[10,10,10,10]","{""workers"":4,""contasSemeadas"":40,""amostras"":1677,""amostrasSujas"":1424,""percentualSujo"":84.9,""totalMinimoObservado"":39600,""totalMaximoObservado"":40000,""maiorBuraco"":400,""pausaMs"":15}",nao,
05-worker-leitura-suja,4,8,40,40,310.938,128.643,40000,0,40000,40000,0,0,0,0,{},"[10,10,10,10]","{""workers"":4,""contasSemeadas"":40,""amostras"":1924,""amostrasSujas"":1730,""percentualSujo"":89.9,""totalMinimoObservado"":39600,""totalMaximoObservado"":40000,""maiorBuraco"":400,""pausaMs"":15}",nao,
05-worker-leitura-suja,4,9,40,40,297.746,134.343,40000,0,40000,40000,0,0,0,0,{},"[10,10,10,10]","{""workers"":4,""contasSemeadas"":40,""amostras"":1697,""amostrasSujas"":1462,""percentualSujo"":86.2,""totalMinimoObservado"":39600,""totalMaximoObservado"":40000,""maiorBuraco"":400,""pausaMs"":15}",nao,
05-worker-leitura-suja,4,10,40,40,314.757,127.082,40000,0,40000,40000,0,0,0,0,{},"[10,10,10,10]","{""workers"":4,""contasSemeadas"":40,""amostras"":1812,""amostrasSujas"":1638,""percentualSujo"":90.4,""totalMinimoObservado"":39600,""totalMaximoObservado"":40000,""maiorBuraco"":400,""pausaMs"":15}",nao,
05-worker-leitura-suja,8,1,40,40,237.382,168.505,40000,0,40000,40000,0,0,0,0,{},"[5,5,5,5,5,5,5,5]","{""workers"":8,""contasSemeadas"":40,""amostras"":914,""amostrasSujas"":837,""percentualSujo"":91.6,""totalMinimoObservado"":39200,""totalMaximoObservado"":40000,""maiorBuraco"":800,""pausaMs"":15}",nao,
05-worker-leitura-suja,8,2,40,40,245.846,162.704,40000,0,40000,40000,0,0,0,0,{},"[5,5,5,5,5,5,5,5]","{""workers"":8,""contasSemeadas"":40,""amostras"":944,""amostrasSujas"":888,""percentualSujo"":94.1,""totalMinimoObservado"":39200,""totalMaximoObservado"":40000,""maiorBuraco"":800,""pausaMs"":15}",nao,
05-worker-leitura-suja,8,3,40,40,235.802,169.634,40000,0,40000,40000,0,0,0,0,{},"[5,5,5,5,5,5,5,5]","{""workers"":8,""contasSemeadas"":40,""amostras"":938,""amostrasSujas"":863,""percentualSujo"":92,""totalMinimoObservado"":39200,""totalMaximoObservado"":40000,""maiorBuraco"":800,""pausaMs"":15}",nao,
05-worker-leitura-suja,8,4,40,40,236.962,168.803,40000,0,40000,40000,0,0,0,0,{},"[5,5,5,5,5,5,5,5]","{""workers"":8,""contasSemeadas"":40,""amostras"":962,""amostrasSujas"":884,""percentualSujo"":91.9,""totalMinimoObservado"":39200,""totalMaximoObservado"":40000,""maiorBuraco"":800,""pausaMs"":15}",nao,
05-worker-leitura-suja,8,5,40,40,263.031,152.073,40000,0,40000,40000,0,0,0,0,{},"[5,5,5,5,5,5,5,5]","{""workers"":8,""contasSemeadas"":40,""amostras"":788,""amostrasSujas"":735,""percentualSujo"":93.3,""totalMinimoObservado"":39200,""totalMaximoObservado"":40000,""maiorBuraco"":800,""pausaMs"":15}",nao,
05-worker-leitura-suja,8,6,40,40,258.782,154.570,40000,0,40000,40000,0,0,0,0,{},"[5,5,5,5,5,5,5,5]","{""workers"":8,""contasSemeadas"":40,""amostras"":1167,""amostrasSujas"":1090,""percentualSujo"":93.4,""totalMinimoObservado"":39200,""totalMaximoObservado"":40000,""maiorBuraco"":800,""pausaMs"":15}",nao,
05-worker-leitura-suja,8,7,40,40,242.686,164.822,40000,0,40000,40000,0,0,0,0,{},"[5,5,5,5,5,5,5,5]","{""workers"":8,""contasSemeadas"":40,""amostras"":1191,""amostrasSujas"":1097,""percentualSujo"":92.1,""totalMinimoObservado"":39200,""totalMaximoObservado"":40000,""maiorBuraco"":800,""pausaMs"":15}",nao,
05-worker-leitura-suja,8,8,40,40,233.268,171.477,40000,0,40000,40000,0,0,0,0,{},"[5,5,5,5,5,5,5,5]","{""workers"":8,""contasSemeadas"":40,""amostras"":938,""amostrasSujas"":848,""percentualSujo"":90.4,""totalMinimoObservado"":39200,""totalMaximoObservado"":40000,""maiorBuraco"":800,""pausaMs"":15}",nao,
05-worker-leitura-suja,8,9,40,40,233.428,171.359,40000,0,40000,40000,0,0,0,0,{},"[5,5,5,5,5,5,5,5]","{""workers"":8,""contasSemeadas"":40,""amostras"":1057,""amostrasSujas"":994,""percentualSujo"":94,""totalMinimoObservado"":39200,""totalMaximoObservado"":40000,""maiorBuraco"":800,""pausaMs"":15}",nao,
05-worker-leitura-suja,8,10,40,40,233.338,171.425,40000,0,40000,40000,0,0,0,0,{},"[5,5,5,5,5,5,5,5]","{""workers"":8,""contasSemeadas"":40,""amostras"":977,""amostrasSujas"":926,""percentualSujo"":94.8,""totalMinimoObservado"":39200,""totalMaximoObservado"":40000,""maiorBuraco"":800,""pausaMs"":15}",nao,
05-worker-leitura-suja,10,1,40,40,300.693,133.026,40000,0,40000,40000,0,0,0,0,{},"[4,4,4,4,4,4,4,4,4,4]","{""workers"":10,""contasSemeadas"":40,""amostras"":1202,""amostrasSujas"":1035,""percentualSujo"":86.1,""totalMinimoObservado"":39100,""totalMaximoObservado"":40000,""maiorBuraco"":900,""pausaMs"":15}",nao,
05-worker-leitura-suja,10,2,40,40,286.125,139.799,40000,0,40000,40000,0,0,0,0,{},"[4,4,4,4,4,4,4,4,4,4]","{""workers"":10,""contasSemeadas"":40,""amostras"":818,""amostrasSujas"":738,""percentualSujo"":90.2,""totalMinimoObservado"":39000,""totalMaximoObservado"":40000,""maiorBuraco"":1000,""pausaMs"":15}",nao,
05-worker-leitura-suja,10,3,40,40,253.705,157.663,40000,0,40000,40000,0,0,0,0,{},"[4,4,4,4,4,4,4,4,4,4]","{""workers"":10,""contasSemeadas"":40,""amostras"":796,""amostrasSujas"":729,""percentualSujo"":91.6,""totalMinimoObservado"":39000,""totalMaximoObservado"":40000,""maiorBuraco"":1000,""pausaMs"":15}",nao,
05-worker-leitura-suja,10,4,40,40,263.331,151.900,40000,0,40000,40000,0,0,0,0,{},"[4,4,4,4,4,4,4,4,4,4]","{""workers"":10,""contasSemeadas"":40,""amostras"":780,""amostrasSujas"":710,""percentualSujo"":91,""totalMinimoObservado"":39000,""totalMaximoObservado"":40000,""maiorBuraco"":1000,""pausaMs"":15}",nao,
05-worker-leitura-suja,10,5,40,40,254.968,156.883,40000,0,40000,40000,0,0,0,0,{},"[4,4,4,4,4,4,4,4,4,4]","{""workers"":10,""contasSemeadas"":40,""amostras"":714,""amostrasSujas"":638,""percentualSujo"":89.4,""totalMinimoObservado"":39000,""totalMaximoObservado"":40000,""maiorBuraco"":1000,""pausaMs"":15}",nao,
05-worker-leitura-suja,10,6,40,40,244.551,163.565,40000,0,40000,40000,0,0,0,0,{},"[4,4,4,4,4,4,4,4,4,4]","{""workers"":10,""contasSemeadas"":40,""amostras"":721,""amostrasSujas"":636,""percentualSujo"":88.2,""totalMinimoObservado"":39000,""totalMaximoObservado"":40000,""maiorBuraco"":1000,""pausaMs"":15}",nao,
05-worker-leitura-suja,10,7,40,40,256.887,155.710,40000,0,40000,40000,0,0,0,0,{},"[4,4,4,4,4,4,4,4,4,4]","{""workers"":10,""contasSemeadas"":40,""amostras"":830,""amostrasSujas"":720,""percentualSujo"":86.7,""totalMinimoObservado"":39000,""totalMaximoObservado"":40000,""maiorBuraco"":1000,""pausaMs"":15}",nao,
05-worker-leitura-suja,10,8,40,40,252.516,158.405,40000,0,40000,40000,0,0,0,0,{},"[4,4,4,4,4,4,4,4,4,4]","{""workers"":10,""contasSemeadas"":40,""amostras"":790,""amostrasSujas"":702,""percentualSujo"":88.9,""totalMinimoObservado"":39000,""totalMaximoObservado"":40000,""maiorBuraco"":1000,""pausaMs"":15}",nao,
05-worker-leitura-suja,10,9,40,40,273.695,146.148,40000,0,40000,40000,0,0,0,0,{},"[4,4,4,4,4,4,4,4,4,4]","{""workers"":10,""contasSemeadas"":40,""amostras"":868,""amostrasSujas"":753,""percentualSujo"":86.8,""totalMinimoObservado"":39000,""totalMaximoObservado"":40000,""maiorBuraco"":1000,""pausaMs"":15}",nao,
05-worker-leitura-suja,10,10,40,40,281.564,142.064,40000,0,40000,40000,0,0,0,0,{},"[4,4,4,4,4,4,4,4,4,4]","{""workers"":10,""contasSemeadas"":40,""amostras"":818,""amostrasSujas"":766,""percentualSujo"":93.6,""totalMinimoObservado"":39000,""totalMaximoObservado"":40000,""maiorBuraco"":1000,""pausaMs"":15}",nao,
05-worker-leitura-suja,16,1,32,32,415.110,77.088,40000,0,40000,40000,0,0,0,0,{},"[2,2,2,2,2,2,2,2,2,2,2,2,2,2,2,2]","{""workers"":16,""contasSemeadas"":40,""amostras"":425,""amostrasSujas"":196,""percentualSujo"":46.1,""totalMinimoObservado"":38500,""totalMaximoObservado"":40000,""maiorBuraco"":1500,""pausaMs"":15}",nao,
05-worker-leitura-suja,16,2,32,32,415.947,76.933,40000,0,40000,40000,0,0,0,0,{},"[2,2,2,2,2,2,2,2,2,2,2,2,2,2,2,2]","{""workers"":16,""contasSemeadas"":40,""amostras"":839,""amostrasSujas"":777,""percentualSujo"":92.6,""totalMinimoObservado"":39200,""totalMaximoObservado"":40000,""maiorBuraco"":800,""pausaMs"":15}",nao,
05-worker-leitura-suja,16,3,32,32,386.907,82.707,40000,0,40000,40000,0,0,0,0,{},"[2,2,2,2,2,2,2,2,2,2,2,2,2,2,2,2]","{""workers"":16,""contasSemeadas"":40,""amostras"":699,""amostrasSujas"":339,""percentualSujo"":48.5,""totalMinimoObservado"":38600,""totalMaximoObservado"":40000,""maiorBuraco"":1400,""pausaMs"":15}",nao,
05-worker-leitura-suja,16,4,32,32,351.222,91.110,40000,0,40000,40000,0,0,0,0,{},"[2,2,2,2,2,2,2,2,2,2,2,2,2,2,2,2]","{""workers"":16,""contasSemeadas"":40,""amostras"":427,""amostrasSujas"":295,""percentualSujo"":69.1,""totalMinimoObservado"":38400,""totalMaximoObservado"":40000,""maiorBuraco"":1600,""pausaMs"":15}",nao,
05-worker-leitura-suja,16,5,32,32,348.598,91.796,40000,0,40000,40000,0,0,0,0,{},"[2,2,2,2,2,2,2,2,2,2,2,2,2,2,2,2]","{""workers"":16,""contasSemeadas"":40,""amostras"":538,""amostrasSujas"":364,""percentualSujo"":67.7,""totalMinimoObservado"":38500,""totalMaximoObservado"":40000,""maiorBuraco"":1500,""pausaMs"":15}",nao,
05-worker-leitura-suja,16,6,32,32,391.291,81.781,40000,0,40000,40000,0,0,0,0,{},"[2,2,2,2,2,2,2,2,2,2,2,2,2,2,2,2]","{""workers"":16,""contasSemeadas"":40,""amostras"":824,""amostrasSujas"":709,""percentualSujo"":86,""totalMinimoObservado"":39000,""totalMaximoObservado"":40000,""maiorBuraco"":1000,""pausaMs"":15}",nao,
05-worker-leitura-suja,16,7,32,32,370.538,86.361,40000,0,40000,40000,0,0,0,0,{},"[2,2,2,2,2,2,2,2,2,2,2,2,2,2,2,2]","{""workers"":16,""contasSemeadas"":40,""amostras"":656,""amostrasSujas"":376,""percentualSujo"":57.3,""totalMinimoObservado"":38500,""totalMaximoObservado"":40000,""maiorBuraco"":1500,""pausaMs"":15}",nao,
05-worker-leitura-suja,16,8,32,32,403.026,79.399,40000,0,40000,40000,0,0,0,0,{},"[2,2,2,2,2,2,2,2,2,2,2,2,2,2,2,2]","{""workers"":16,""contasSemeadas"":40,""amostras"":596,""amostrasSujas"":559,""percentualSujo"":93.8,""totalMinimoObservado"":39300,""totalMaximoObservado"":40000,""maiorBuraco"":700,""pausaMs"":15}",nao,
05-worker-leitura-suja,16,9,32,32,378.688,84.502,40000,0,40000,40000,0,0,0,0,{},"[2,2,2,2,2,2,2,2,2,2,2,2,2,2,2,2]","{""workers"":16,""contasSemeadas"":40,""amostras"":847,""amostrasSujas"":448,""percentualSujo"":52.9,""totalMinimoObservado"":38900,""totalMaximoObservado"":40000,""maiorBuraco"":1100,""pausaMs"":15}",nao,
05-worker-leitura-suja,16,10,32,32,357.411,89.533,40000,0,40000,40000,0,0,0,0,{},"[2,2,2,2,2,2,2,2,2,2,2,2,2,2,2,2]","{""workers"":16,""contasSemeadas"":40,""amostras"":526,""amostrasSujas"":341,""percentualSujo"":64.8,""totalMinimoObservado"":38400,""totalMaximoObservado"":40000,""maiorBuraco"":1600,""pausaMs"":15}",nao,
05-worker-leitura-suja,20,1,40,40,487.538,82.045,40000,0,40000,40000,0,0,0,0,{},"[2,2,2,2,2,2,2,2,2,2,2,2,2,2,2,2,2,2,2,2]","{""workers"":20,""contasSemeadas"":40,""amostras"":906,""amostrasSujas"":574,""percentualSujo"":63.4,""totalMinimoObservado"":38500,""totalMaximoObservado"":40000,""maiorBuraco"":1500,""pausaMs"":15}",nao,
05-worker-leitura-suja,20,2,40,40,651.783,61.370,40000,0,40000,40000,0,0,0,0,{},"[2,2,2,2,2,2,2,2,2,2,2,2,2,2,2,2,2,2,2,2]","{""workers"":20,""contasSemeadas"":40,""amostras"":809,""amostrasSujas"":379,""percentualSujo"":46.8,""totalMinimoObservado"":38600,""totalMaximoObservado"":40000,""maiorBuraco"":1400,""pausaMs"":15}",nao,
05-worker-leitura-suja,20,3,40,40,468.165,85.440,40000,0,40000,40000,0,0,0,0,{},"[2,2,2,2,2,2,2,2,2,2,2,2,2,2,2,2,2,2,2,2]","{""workers"":20,""contasSemeadas"":40,""amostras"":680,""amostrasSujas"":275,""percentualSujo"":40.4,""totalMinimoObservado"":38400,""totalMaximoObservado"":40000,""maiorBuraco"":1600,""pausaMs"":15}",nao,
05-worker-leitura-suja,20,4,40,40,474.117,84.367,40000,0,40000,40000,0,0,0,0,{},"[2,2,2,2,2,2,2,2,2,2,2,2,2,2,2,2,2,2,2,2]","{""workers"":20,""contasSemeadas"":40,""amostras"":784,""amostrasSujas"":360,""percentualSujo"":45.9,""totalMinimoObservado"":38400,""totalMaximoObservado"":40000,""maiorBuraco"":1600,""pausaMs"":15}",nao,
05-worker-leitura-suja,20,5,40,40,464.716,86.074,40000,0,40000,40000,0,0,0,0,{},"[2,2,2,2,2,2,2,2,2,2,2,2,2,2,2,2,2,2,2,2]","{""workers"":20,""contasSemeadas"":40,""amostras"":708,""amostrasSujas"":366,""percentualSujo"":51.7,""totalMinimoObservado"":38400,""totalMaximoObservado"":40000,""maiorBuraco"":1600,""pausaMs"":15}",nao,
05-worker-leitura-suja,20,6,40,40,499.247,80.121,40000,0,40000,40000,0,0,0,0,{},"[2,2,2,2,2,2,2,2,2,2,2,2,2,2,2,2,2,2,2,2]","{""workers"":20,""contasSemeadas"":40,""amostras"":698,""amostrasSujas"":258,""percentualSujo"":37,""totalMinimoObservado"":38000,""totalMaximoObservado"":40000,""maiorBuraco"":2000,""pausaMs"":15}",nao,
05-worker-leitura-suja,20,7,40,40,462.656,86.457,40000,0,40000,40000,0,0,0,0,{},"[2,2,2,2,2,2,2,2,2,2,2,2,2,2,2,2,2,2,2,2]","{""workers"":20,""contasSemeadas"":40,""amostras"":833,""amostrasSujas"":355,""percentualSujo"":42.6,""totalMinimoObservado"":38400,""totalMaximoObservado"":40000,""maiorBuraco"":1600,""pausaMs"":15}",nao,
05-worker-leitura-suja,20,8,40,40,484.831,82.503,40000,0,40000,40000,0,0,0,0,{},"[2,2,2,2,2,2,2,2,2,2,2,2,2,2,2,2,2,2,2,2]","{""workers"":20,""contasSemeadas"":40,""amostras"":972,""amostrasSujas"":805,""percentualSujo"":82.8,""totalMinimoObservado"":38900,""totalMaximoObservado"":40000,""maiorBuraco"":1100,""pausaMs"":15}",nao,
05-worker-leitura-suja,20,9,40,40,477.950,83.691,40000,0,40000,40000,0,0,0,0,{},"[2,2,2,2,2,2,2,2,2,2,2,2,2,2,2,2,2,2,2,2]","{""workers"":20,""contasSemeadas"":40,""amostras"":494,""amostrasSujas"":384,""percentualSujo"":77.7,""totalMinimoObservado"":38500,""totalMaximoObservado"":40000,""maiorBuraco"":1500,""pausaMs"":15}",nao,
05-worker-leitura-suja,20,10,40,40,522.594,76.541,40000,0,40000,40000,0,0,0,0,{},"[2,2,2,2,2,2,2,2,2,2,2,2,2,2,2,2,2,2,2,2]","{""workers"":20,""contasSemeadas"":40,""amostras"":843,""amostrasSujas"":698,""percentualSujo"":82.8,""totalMinimoObservado"":38600,""totalMaximoObservado"":40000,""maiorBuraco"":1400,""pausaMs"":15}",nao,
06-worker-heisenbug-sem-log,1,1,200000,200000,31.279,6394117.412,0,200000,200000,200000,0,0,0,0,{},[200000],"{""workers"":1,""incrementosPorThread"":200000,""incrementosPerdidos"":0,""percentualPerdido"":0,""logNaSecaoCritica"":false}",nao,
06-worker-heisenbug-sem-log,1,2,200000,200000,30.955,6460939.582,0,200000,200000,200000,0,0,0,0,{},[200000],"{""workers"":1,""incrementosPorThread"":200000,""incrementosPerdidos"":0,""percentualPerdido"":0,""logNaSecaoCritica"":false}",nao,
06-worker-heisenbug-sem-log,1,3,200000,200000,29.902,6688431.939,0,200000,200000,200000,0,0,0,0,{},[200000],"{""workers"":1,""incrementosPorThread"":200000,""incrementosPerdidos"":0,""percentualPerdido"":0,""logNaSecaoCritica"":false}",nao,
06-worker-heisenbug-sem-log,1,4,200000,200000,29.908,6687155.442,0,200000,200000,200000,0,0,0,0,{},[200000],"{""workers"":1,""incrementosPorThread"":200000,""incrementosPerdidos"":0,""percentualPerdido"":0,""logNaSecaoCritica"":false}",nao,
06-worker-heisenbug-sem-log,1,5,200000,200000,29.669,6741052.155,0,200000,200000,200000,0,0,0,0,{},[200000],"{""workers"":1,""incrementosPorThread"":200000,""incrementosPerdidos"":0,""percentualPerdido"":0,""logNaSecaoCritica"":false}",nao,
06-worker-heisenbug-sem-log,1,6,200000,200000,29.853,6699475.562,0,200000,200000,200000,0,0,0,0,{},[200000],"{""workers"":1,""incrementosPorThread"":200000,""incrementosPerdidos"":0,""percentualPerdido"":0,""logNaSecaoCritica"":false}",nao,
06-worker-heisenbug-sem-log,1,7,200000,200000,29.647,6746082.904,0,200000,200000,200000,0,0,0,0,{},[200000],"{""workers"":1,""incrementosPorThread"":200000,""incrementosPerdidos"":0,""percentualPerdido"":0,""logNaSecaoCritica"":false}",nao,
06-worker-heisenbug-sem-log,1,8,200000,200000,29.888,6691630.239,0,200000,200000,200000,0,0,0,0,{},[200000],"{""workers"":1,""incrementosPorThread"":200000,""incrementosPerdidos"":0,""percentualPerdido"":0,""logNaSecaoCritica"":false}",nao,
06-worker-heisenbug-sem-log,1,9,200000,200000,29.585,6760134.997,0,200000,200000,200000,0,0,0,0,{},[200000],"{""workers"":1,""incrementosPorThread"":200000,""incrementosPerdidos"":0,""percentualPerdido"":0,""logNaSecaoCritica"":false}",nao,
06-worker-heisenbug-sem-log,1,10,200000,200000,29.871,6695541.188,0,200000,200000,200000,0,0,0,0,{},[200000],"{""workers"":1,""incrementosPorThread"":200000,""incrementosPerdidos"":0,""percentualPerdido"":0,""logNaSecaoCritica"":false}",nao,
06-worker-heisenbug-sem-log,2,1,200000,193985,31.487,6351802.522,0,200000,200000,193985,-6015,6015,3.0075,0,{},"[100000,100000]","{""workers"":2,""incrementosPorThread"":100000,""incrementosPerdidos"":6015,""percentualPerdido"":3.01,""logNaSecaoCritica"":false}",nao,
06-worker-heisenbug-sem-log,2,2,200000,106878,31.921,6265402.513,0,200000,200000,106878,-93122,93122,46.561,0,{},"[100000,100000]","{""workers"":2,""incrementosPorThread"":100000,""incrementosPerdidos"":93122,""percentualPerdido"":46.56,""logNaSecaoCritica"":false}",nao,
06-worker-heisenbug-sem-log,2,3,200000,115548,31.166,6417163.705,0,200000,200000,115548,-84452,84452,42.226,0,{},"[100000,100000]","{""workers"":2,""incrementosPorThread"":100000,""incrementosPerdidos"":84452,""percentualPerdido"":42.23,""logNaSecaoCritica"":false}",nao,
06-worker-heisenbug-sem-log,2,4,200000,132729,31.371,6375238.573,0,200000,200000,132729,-67271,67271,33.6355,0,{},"[100000,100000]","{""workers"":2,""incrementosPorThread"":100000,""incrementosPerdidos"":67271,""percentualPerdido"":33.64,""logNaSecaoCritica"":false}",nao,
06-worker-heisenbug-sem-log,2,5,200000,127971,31.290,6391818.472,0,200000,200000,127971,-72029,72029,36.0145,0,{},"[100000,100000]","{""workers"":2,""incrementosPorThread"":100000,""incrementosPerdidos"":72029,""percentualPerdido"":36.01,""logNaSecaoCritica"":false}",nao,
06-worker-heisenbug-sem-log,2,6,200000,200000,30.907,6470991.016,0,200000,200000,200000,0,0,0,0,{},"[100000,100000]","{""workers"":2,""incrementosPorThread"":100000,""incrementosPerdidos"":0,""percentualPerdido"":0,""logNaSecaoCritica"":false}",nao,
06-worker-heisenbug-sem-log,2,7,200000,154430,32.639,6127716.815,0,200000,200000,154430,-45570,45570,22.785,0,{},"[100000,100000]","{""workers"":2,""incrementosPorThread"":100000,""incrementosPerdidos"":45570,""percentualPerdido"":22.79,""logNaSecaoCritica"":false}",nao,
06-worker-heisenbug-sem-log,2,8,200000,136460,32.750,6106870.229,0,200000,200000,136460,-63540,63540,31.77,0,{},"[100000,100000]","{""workers"":2,""incrementosPorThread"":100000,""incrementosPerdidos"":63540,""percentualPerdido"":31.77,""logNaSecaoCritica"":false}",nao,
06-worker-heisenbug-sem-log,2,9,200000,150429,31.980,6253859.804,0,200000,200000,150429,-49571,49571,24.7855,0,{},"[100000,100000]","{""workers"":2,""incrementosPorThread"":100000,""incrementosPerdidos"":49571,""percentualPerdido"":24.79,""logNaSecaoCritica"":false}",nao,
06-worker-heisenbug-sem-log,2,10,200000,109454,32.003,6249340.890,0,200000,200000,109454,-90546,90546,45.273,0,{},"[100000,100000]","{""workers"":2,""incrementosPorThread"":100000,""incrementosPerdidos"":90546,""percentualPerdido"":45.27,""logNaSecaoCritica"":false}",nao,
06-worker-heisenbug-sem-log,4,1,200000,183864,37.904,5276487.970,0,200000,200000,183864,-16136,16136,8.068,0,{},"[50000,50000,50000,50000]","{""workers"":4,""incrementosPorThread"":50000,""incrementosPerdidos"":16136,""percentualPerdido"":8.07,""logNaSecaoCritica"":false}",nao,
06-worker-heisenbug-sem-log,4,2,200000,148634,38.008,5262032.789,0,200000,200000,148634,-51366,51366,25.683,0,{},"[50000,50000,50000,50000]","{""workers"":4,""incrementosPorThread"":50000,""incrementosPerdidos"":51366,""percentualPerdido"":25.68,""logNaSecaoCritica"":false}",nao,
06-worker-heisenbug-sem-log,4,3,200000,184558,37.957,5269149.334,0,200000,200000,184558,-15442,15442,7.721,0,{},"[50000,50000,50000,50000]","{""workers"":4,""incrementosPorThread"":50000,""incrementosPerdidos"":15442,""percentualPerdido"":7.72,""logNaSecaoCritica"":false}",nao,
06-worker-heisenbug-sem-log,4,4,200000,164398,37.360,5353325.076,0,200000,200000,164398,-35602,35602,17.801,0,{},"[50000,50000,50000,50000]","{""workers"":4,""incrementosPorThread"":50000,""incrementosPerdidos"":35602,""percentualPerdido"":17.8,""logNaSecaoCritica"":false}",nao,
06-worker-heisenbug-sem-log,4,5,200000,147693,37.464,5338392.991,0,200000,200000,147693,-52307,52307,26.1535,0,{},"[50000,50000,50000,50000]","{""workers"":4,""incrementosPorThread"":50000,""incrementosPerdidos"":52307,""percentualPerdido"":26.15,""logNaSecaoCritica"":false}",nao,
06-worker-heisenbug-sem-log,4,6,200000,141212,37.582,5321661.157,0,200000,200000,141212,-58788,58788,29.394,0,{},"[50000,50000,50000,50000]","{""workers"":4,""incrementosPorThread"":50000,""incrementosPerdidos"":58788,""percentualPerdido"":29.39,""logNaSecaoCritica"":false}",nao,
06-worker-heisenbug-sem-log,4,7,200000,180603,37.895,5277723.718,0,200000,200000,180603,-19397,19397,9.6985,0,{},"[50000,50000,50000,50000]","{""workers"":4,""incrementosPorThread"":50000,""incrementosPerdidos"":19397,""percentualPerdido"":9.7,""logNaSecaoCritica"":false}",nao,
06-worker-heisenbug-sem-log,4,8,200000,157974,37.621,5316215.121,0,200000,200000,157974,-42026,42026,21.013,0,{},"[50000,50000,50000,50000]","{""workers"":4,""incrementosPorThread"":50000,""incrementosPerdidos"":42026,""percentualPerdido"":21.01,""logNaSecaoCritica"":false}",nao,
06-worker-heisenbug-sem-log,4,9,200000,192119,38.121,5246400.477,0,200000,200000,192119,-7881,7881,3.9405,0,{},"[50000,50000,50000,50000]","{""workers"":4,""incrementosPorThread"":50000,""incrementosPerdidos"":7881,""percentualPerdido"":3.94,""logNaSecaoCritica"":false}",nao,
06-worker-heisenbug-sem-log,4,10,200000,158940,38.461,5200027.779,0,200000,200000,158940,-41060,41060,20.53,0,{},"[50000,50000,50000,50000]","{""workers"":4,""incrementosPorThread"":50000,""incrementosPerdidos"":41060,""percentualPerdido"":20.53,""logNaSecaoCritica"":false}",nao,
06-worker-heisenbug-sem-log,8,1,200000,177926,56.607,3533163.153,0,200000,200000,177926,-22074,22074,11.037,0,{},"[25000,25000,25000,25000,25000,25000,25000,25000]","{""workers"":8,""incrementosPorThread"":25000,""incrementosPerdidos"":22074,""percentualPerdido"":11.04,""logNaSecaoCritica"":false}",nao,
06-worker-heisenbug-sem-log,8,2,200000,200000,63.182,3165458.517,0,200000,200000,200000,0,0,0,0,{},"[25000,25000,25000,25000,25000,25000,25000,25000]","{""workers"":8,""incrementosPorThread"":25000,""incrementosPerdidos"":0,""percentualPerdido"":0,""logNaSecaoCritica"":false}",nao,
06-worker-heisenbug-sem-log,8,3,200000,195320,58.995,3390144.183,0,200000,200000,195320,-4680,4680,2.34,0,{},"[25000,25000,25000,25000,25000,25000,25000,25000]","{""workers"":8,""incrementosPorThread"":25000,""incrementosPerdidos"":4680,""percentualPerdido"":2.34,""logNaSecaoCritica"":false}",nao,
06-worker-heisenbug-sem-log,8,4,200000,200000,58.905,3395292.671,0,200000,200000,200000,0,0,0,0,{},"[25000,25000,25000,25000,25000,25000,25000,25000]","{""workers"":8,""incrementosPorThread"":25000,""incrementosPerdidos"":0,""percentualPerdido"":0,""logNaSecaoCritica"":false}",nao,
06-worker-heisenbug-sem-log,8,5,200000,178457,71.290,2805457.316,0,200000,200000,178457,-21543,21543,10.7715,0,{},"[25000,25000,25000,25000,25000,25000,25000,25000]","{""workers"":8,""incrementosPorThread"":25000,""incrementosPerdidos"":21543,""percentualPerdido"":10.77,""logNaSecaoCritica"":false}",nao,
06-worker-heisenbug-sem-log,8,6,200000,188946,60.739,3292761.463,0,200000,200000,188946,-11054,11054,5.527,0,{},"[25000,25000,25000,25000,25000,25000,25000,25000]","{""workers"":8,""incrementosPorThread"":25000,""incrementosPerdidos"":11054,""percentualPerdido"":5.53,""logNaSecaoCritica"":false}",nao,
06-worker-heisenbug-sem-log,8,7,200000,200000,61.424,3256045.186,0,200000,200000,200000,0,0,0,0,{},"[25000,25000,25000,25000,25000,25000,25000,25000]","{""workers"":8,""incrementosPorThread"":25000,""incrementosPerdidos"":0,""percentualPerdido"":0,""logNaSecaoCritica"":false}",nao,
06-worker-heisenbug-sem-log,8,8,200000,200000,59.440,3364761.156,0,200000,200000,200000,0,0,0,0,{},"[25000,25000,25000,25000,25000,25000,25000,25000]","{""workers"":8,""incrementosPorThread"":25000,""incrementosPerdidos"":0,""percentualPerdido"":0,""logNaSecaoCritica"":false}",nao,
06-worker-heisenbug-sem-log,8,9,200000,171934,59.851,3341643.332,0,200000,200000,171934,-28066,28066,14.033,0,{},"[25000,25000,25000,25000,25000,25000,25000,25000]","{""workers"":8,""incrementosPorThread"":25000,""incrementosPerdidos"":28066,""percentualPerdido"":14.03,""logNaSecaoCritica"":false}",nao,
06-worker-heisenbug-sem-log,8,10,200000,189301,59.674,3351538.668,0,200000,200000,189301,-10699,10699,5.3495,0,{},"[25000,25000,25000,25000,25000,25000,25000,25000]","{""workers"":8,""incrementosPorThread"":25000,""incrementosPerdidos"":10699,""percentualPerdido"":5.35,""logNaSecaoCritica"":false}",nao,
06-worker-heisenbug-sem-log,10,1,200000,159472,95.189,2101090.459,0,200000,200000,159472,-40528,40528,20.264,0,{},"[20000,20000,20000,20000,20000,20000,20000,20000,20000,20000]","{""workers"":10,""incrementosPorThread"":20000,""incrementosPerdidos"":40528,""percentualPerdido"":20.26,""logNaSecaoCritica"":false}",nao,
06-worker-heisenbug-sem-log,10,2,200000,194451,91.468,2186562.020,0,200000,200000,194451,-5549,5549,2.7745,0,{},"[20000,20000,20000,20000,20000,20000,20000,20000,20000,20000]","{""workers"":10,""incrementosPorThread"":20000,""incrementosPerdidos"":5549,""percentualPerdido"":2.77,""logNaSecaoCritica"":false}",nao,
06-worker-heisenbug-sem-log,10,3,200000,200000,74.435,2686906.524,0,200000,200000,200000,0,0,0,0,{},"[20000,20000,20000,20000,20000,20000,20000,20000,20000,20000]","{""workers"":10,""incrementosPorThread"":20000,""incrementosPerdidos"":0,""percentualPerdido"":0,""logNaSecaoCritica"":false}",nao,
06-worker-heisenbug-sem-log,10,4,200000,187901,73.125,2735028.709,0,200000,200000,187901,-12099,12099,6.0495,0,{},"[20000,20000,20000,20000,20000,20000,20000,20000,20000,20000]","{""workers"":10,""incrementosPorThread"":20000,""incrementosPerdidos"":12099,""percentualPerdido"":6.05,""logNaSecaoCritica"":false}",nao,
06-worker-heisenbug-sem-log,10,5,200000,180063,72.713,2750553.979,0,200000,200000,180063,-19937,19937,9.9685,0,{},"[20000,20000,20000,20000,20000,20000,20000,20000,20000,20000]","{""workers"":10,""incrementosPorThread"":20000,""incrementosPerdidos"":19937,""percentualPerdido"":9.97,""logNaSecaoCritica"":false}",nao,
06-worker-heisenbug-sem-log,10,6,200000,187509,70.025,2856124.486,0,200000,200000,187509,-12491,12491,6.2455,0,{},"[20000,20000,20000,20000,20000,20000,20000,20000,20000,20000]","{""workers"":10,""incrementosPorThread"":20000,""incrementosPerdidos"":12491,""percentualPerdido"":6.25,""logNaSecaoCritica"":false}",nao,
06-worker-heisenbug-sem-log,10,7,200000,186037,69.716,2868802.490,0,200000,200000,186037,-13963,13963,6.9815,0,{},"[20000,20000,20000,20000,20000,20000,20000,20000,20000,20000]","{""workers"":10,""incrementosPorThread"":20000,""incrementosPerdidos"":13963,""percentualPerdido"":6.98,""logNaSecaoCritica"":false}",nao,
06-worker-heisenbug-sem-log,10,8,200000,182644,65.929,3033568.299,0,200000,200000,182644,-17356,17356,8.678,0,{},"[20000,20000,20000,20000,20000,20000,20000,20000,20000,20000]","{""workers"":10,""incrementosPorThread"":20000,""incrementosPerdidos"":17356,""percentualPerdido"":8.68,""logNaSecaoCritica"":false}",nao,
06-worker-heisenbug-sem-log,10,9,200000,186960,72.875,2744431.675,0,200000,200000,186960,-13040,13040,6.52,0,{},"[20000,20000,20000,20000,20000,20000,20000,20000,20000,20000]","{""workers"":10,""incrementosPorThread"":20000,""incrementosPerdidos"":13040,""percentualPerdido"":6.52,""logNaSecaoCritica"":false}",nao,
06-worker-heisenbug-sem-log,10,10,200000,193248,68.618,2914690.634,0,200000,200000,193248,-6752,6752,3.376,0,{},"[20000,20000,20000,20000,20000,20000,20000,20000,20000,20000]","{""workers"":10,""incrementosPorThread"":20000,""incrementosPerdidos"":6752,""percentualPerdido"":3.38,""logNaSecaoCritica"":false}",nao,
06-worker-heisenbug-sem-log,16,1,200000,193679,122.101,1637992.127,0,200000,200000,193679,-6321,6321,3.1605,0,{},"[12500,12500,12500,12500,12500,12500,12500,12500,12500,12500,12500,12500,12500,12500,12500,12500]","{""workers"":16,""incrementosPorThread"":12500,""incrementosPerdidos"":6321,""percentualPerdido"":3.16,""logNaSecaoCritica"":false}",nao,
06-worker-heisenbug-sem-log,16,2,200000,200000,119.016,1680452.214,0,200000,200000,200000,0,0,0,0,{},"[12500,12500,12500,12500,12500,12500,12500,12500,12500,12500,12500,12500,12500,12500,12500,12500]","{""workers"":16,""incrementosPorThread"":12500,""incrementosPerdidos"":0,""percentualPerdido"":0,""logNaSecaoCritica"":false}",nao,
06-worker-heisenbug-sem-log,16,3,200000,183414,118.919,1681822.933,0,200000,200000,183414,-16586,16586,8.293,0,{},"[12500,12500,12500,12500,12500,12500,12500,12500,12500,12500,12500,12500,12500,12500,12500,12500]","{""workers"":16,""incrementosPorThread"":12500,""incrementosPerdidos"":16586,""percentualPerdido"":8.29,""logNaSecaoCritica"":false}",nao,
06-worker-heisenbug-sem-log,16,4,200000,200000,116.823,1711990.429,0,200000,200000,200000,0,0,0,0,{},"[12500,12500,12500,12500,12500,12500,12500,12500,12500,12500,12500,12500,12500,12500,12500,12500]","{""workers"":16,""incrementosPorThread"":12500,""incrementosPerdidos"":0,""percentualPerdido"":0,""logNaSecaoCritica"":false}",nao,
06-worker-heisenbug-sem-log,16,5,200000,192984,115.235,1735582.557,0,200000,200000,192984,-7016,7016,3.508,0,{},"[12500,12500,12500,12500,12500,12500,12500,12500,12500,12500,12500,12500,12500,12500,12500,12500]","{""workers"":16,""incrementosPorThread"":12500,""incrementosPerdidos"":7016,""percentualPerdido"":3.51,""logNaSecaoCritica"":false}",nao,
06-worker-heisenbug-sem-log,16,6,200000,183237,113.431,1763179.311,0,200000,200000,183237,-16763,16763,8.3815,0,{},"[12500,12500,12500,12500,12500,12500,12500,12500,12500,12500,12500,12500,12500,12500,12500,12500]","{""workers"":16,""incrementosPorThread"":12500,""incrementosPerdidos"":16763,""percentualPerdido"":8.38,""logNaSecaoCritica"":false}",nao,
06-worker-heisenbug-sem-log,16,7,200000,195369,108.048,1851032.736,0,200000,200000,195369,-4631,4631,2.3155,0,{},"[12500,12500,12500,12500,12500,12500,12500,12500,12500,12500,12500,12500,12500,12500,12500,12500]","{""workers"":16,""incrementosPorThread"":12500,""incrementosPerdidos"":4631,""percentualPerdido"":2.32,""logNaSecaoCritica"":false}",nao,
06-worker-heisenbug-sem-log,16,8,200000,191759,117.734,1698750.630,0,200000,200000,191759,-8241,8241,4.1205,0,{},"[12500,12500,12500,12500,12500,12500,12500,12500,12500,12500,12500,12500,12500,12500,12500,12500]","{""workers"":16,""incrementosPorThread"":12500,""incrementosPerdidos"":8241,""percentualPerdido"":4.12,""logNaSecaoCritica"":false}",nao,
06-worker-heisenbug-sem-log,16,9,200000,193239,126.341,1583016.337,0,200000,200000,193239,-6761,6761,3.3805,0,{},"[12500,12500,12500,12500,12500,12500,12500,12500,12500,12500,12500,12500,12500,12500,12500,12500]","{""workers"":16,""incrementosPorThread"":12500,""incrementosPerdidos"":6761,""percentualPerdido"":3.38,""logNaSecaoCritica"":false}",nao,
06-worker-heisenbug-sem-log,16,10,200000,157083,109.786,1821729.371,0,200000,200000,157083,-42917,42917,21.4585,0,{},"[12500,12500,12500,12500,12500,12500,12500,12500,12500,12500,12500,12500,12500,12500,12500,12500]","{""workers"":16,""incrementosPorThread"":12500,""incrementosPerdidos"":42917,""percentualPerdido"":21.46,""logNaSecaoCritica"":false}",nao,
06-worker-heisenbug-sem-log,20,1,200000,198421,138.295,1446185.189,0,200000,200000,198421,-1579,1579,0.7895,0,{},"[10000,10000,10000,10000,10000,10000,10000,10000,10000,10000,10000,10000,10000,10000,10000,10000,10000,10000,10000,10000]","{""workers"":20,""incrementosPorThread"":10000,""incrementosPerdidos"":1579,""percentualPerdido"":0.79,""logNaSecaoCritica"":false}",nao,
06-worker-heisenbug-sem-log,20,2,200000,190139,137.167,1458080.637,0,200000,200000,190139,-9861,9861,4.9305,0,{},"[10000,10000,10000,10000,10000,10000,10000,10000,10000,10000,10000,10000,10000,10000,10000,10000,10000,10000,10000,10000]","{""workers"":20,""incrementosPorThread"":10000,""incrementosPerdidos"":9861,""percentualPerdido"":4.93,""logNaSecaoCritica"":false}",nao,
06-worker-heisenbug-sem-log,20,3,200000,181283,147.588,1355120.665,0,200000,200000,181283,-18717,18717,9.3585,0,{},"[10000,10000,10000,10000,10000,10000,10000,10000,10000,10000,10000,10000,10000,10000,10000,10000,10000,10000,10000,10000]","{""workers"":20,""incrementosPorThread"":10000,""incrementosPerdidos"":18717,""percentualPerdido"":9.36,""logNaSecaoCritica"":false}",nao,
06-worker-heisenbug-sem-log,20,4,200000,200000,147.319,1357599.289,0,200000,200000,200000,0,0,0,0,{},"[10000,10000,10000,10000,10000,10000,10000,10000,10000,10000,10000,10000,10000,10000,10000,10000,10000,10000,10000,10000]","{""workers"":20,""incrementosPorThread"":10000,""incrementosPerdidos"":0,""percentualPerdido"":0,""logNaSecaoCritica"":false}",nao,
06-worker-heisenbug-sem-log,20,5,200000,177889,140.641,1422060.848,0,200000,200000,177889,-22111,22111,11.0555,0,{},"[10000,10000,10000,10000,10000,10000,10000,10000,10000,10000,10000,10000,10000,10000,10000,10000,10000,10000,10000,10000]","{""workers"":20,""incrementosPorThread"":10000,""incrementosPerdidos"":22111,""percentualPerdido"":11.06,""logNaSecaoCritica"":false}",nao,
06-worker-heisenbug-sem-log,20,6,200000,198352,156.876,1274890.581,0,200000,200000,198352,-1648,1648,0.824,0,{},"[10000,10000,10000,10000,10000,10000,10000,10000,10000,10000,10000,10000,10000,10000,10000,10000,10000,10000,10000,10000]","{""workers"":20,""incrementosPorThread"":10000,""incrementosPerdidos"":1648,""percentualPerdido"":0.82,""logNaSecaoCritica"":false}",nao,
06-worker-heisenbug-sem-log,20,7,200000,188218,157.456,1270197.127,0,200000,200000,188218,-11782,11782,5.891,0,{},"[10000,10000,10000,10000,10000,10000,10000,10000,10000,10000,10000,10000,10000,10000,10000,10000,10000,10000,10000,10000]","{""workers"":20,""incrementosPorThread"":10000,""incrementosPerdidos"":11782,""percentualPerdido"":5.89,""logNaSecaoCritica"":false}",nao,
06-worker-heisenbug-sem-log,20,8,200000,182586,153.530,1302678.418,0,200000,200000,182586,-17414,17414,8.707,0,{},"[10000,10000,10000,10000,10000,10000,10000,10000,10000,10000,10000,10000,10000,10000,10000,10000,10000,10000,10000,10000]","{""workers"":20,""incrementosPorThread"":10000,""incrementosPerdidos"":17414,""percentualPerdido"":8.71,""logNaSecaoCritica"":false}",nao,
06-worker-heisenbug-sem-log,20,9,200000,185428,143.449,1394225.354,0,200000,200000,185428,-14572,14572,7.286,0,{},"[10000,10000,10000,10000,10000,10000,10000,10000,10000,10000,10000,10000,10000,10000,10000,10000,10000,10000,10000,10000]","{""workers"":20,""incrementosPorThread"":10000,""incrementosPerdidos"":14572,""percentualPerdido"":7.29,""logNaSecaoCritica"":false}",nao,
06-worker-heisenbug-sem-log,20,10,200000,193279,140.712,1421346.673,0,200000,200000,193279,-6721,6721,3.3605,0,{},"[10000,10000,10000,10000,10000,10000,10000,10000,10000,10000,10000,10000,10000,10000,10000,10000,10000,10000,10000,10000]","{""workers"":20,""incrementosPorThread"":10000,""incrementosPerdidos"":6721,""percentualPerdido"":3.36,""logNaSecaoCritica"":false}",nao,
06-worker-heisenbug-com-log,1,1,200000,200000,270.764,738650.518,0,200000,200000,200000,0,0,0,0,{},[200000],"{""workers"":1,""incrementosPorThread"":200000,""incrementosPerdidos"":0,""percentualPerdido"":0,""logNaSecaoCritica"":true}",nao,
06-worker-heisenbug-com-log,1,2,200000,200000,274.727,727994.654,0,200000,200000,200000,0,0,0,0,{},[200000],"{""workers"":1,""incrementosPorThread"":200000,""incrementosPerdidos"":0,""percentualPerdido"":0,""logNaSecaoCritica"":true}",nao,
06-worker-heisenbug-com-log,1,3,200000,200000,283.423,705659.760,0,200000,200000,200000,0,0,0,0,{},[200000],"{""workers"":1,""incrementosPorThread"":200000,""incrementosPerdidos"":0,""percentualPerdido"":0,""logNaSecaoCritica"":true}",nao,
06-worker-heisenbug-com-log,1,4,200000,200000,271.055,737857.971,0,200000,200000,200000,0,0,0,0,{},[200000],"{""workers"":1,""incrementosPorThread"":200000,""incrementosPerdidos"":0,""percentualPerdido"":0,""logNaSecaoCritica"":true}",nao,
06-worker-heisenbug-com-log,1,5,200000,200000,270.971,738087.611,0,200000,200000,200000,0,0,0,0,{},[200000],"{""workers"":1,""incrementosPorThread"":200000,""incrementosPerdidos"":0,""percentualPerdido"":0,""logNaSecaoCritica"":true}",nao,
06-worker-heisenbug-com-log,1,6,200000,200000,273.700,730727.073,0,200000,200000,200000,0,0,0,0,{},[200000],"{""workers"":1,""incrementosPorThread"":200000,""incrementosPerdidos"":0,""percentualPerdido"":0,""logNaSecaoCritica"":true}",nao,
06-worker-heisenbug-com-log,1,7,200000,200000,274.917,727491.416,0,200000,200000,200000,0,0,0,0,{},[200000],"{""workers"":1,""incrementosPorThread"":200000,""incrementosPerdidos"":0,""percentualPerdido"":0,""logNaSecaoCritica"":true}",nao,
06-worker-heisenbug-com-log,1,8,200000,200000,284.533,702905.652,0,200000,200000,200000,0,0,0,0,{},[200000],"{""workers"":1,""incrementosPorThread"":200000,""incrementosPerdidos"":0,""percentualPerdido"":0,""logNaSecaoCritica"":true}",nao,
06-worker-heisenbug-com-log,1,9,200000,200000,289.082,691845.917,0,200000,200000,200000,0,0,0,0,{},[200000],"{""workers"":1,""incrementosPorThread"":200000,""incrementosPerdidos"":0,""percentualPerdido"":0,""logNaSecaoCritica"":true}",nao,
06-worker-heisenbug-com-log,1,10,200000,200000,275.815,725124.710,0,200000,200000,200000,0,0,0,0,{},[200000],"{""workers"":1,""incrementosPorThread"":200000,""incrementosPerdidos"":0,""percentualPerdido"":0,""logNaSecaoCritica"":true}",nao,
06-worker-heisenbug-com-log,2,1,200000,197055,242.356,825231.595,0,200000,200000,197055,-2945,2945,1.4725,0,{},"[100000,100000]","{""workers"":2,""incrementosPorThread"":100000,""incrementosPerdidos"":2945,""percentualPerdido"":1.47,""logNaSecaoCritica"":true}",nao,
06-worker-heisenbug-com-log,2,2,200000,194981,242.897,823395.268,0,200000,200000,194981,-5019,5019,2.5095,0,{},"[100000,100000]","{""workers"":2,""incrementosPorThread"":100000,""incrementosPerdidos"":5019,""percentualPerdido"":2.51,""logNaSecaoCritica"":true}",nao,
06-worker-heisenbug-com-log,2,3,200000,194530,249.698,800967.036,0,200000,200000,194530,-5470,5470,2.735,0,{},"[100000,100000]","{""workers"":2,""incrementosPorThread"":100000,""incrementosPerdidos"":5470,""percentualPerdido"":2.73,""logNaSecaoCritica"":true}",nao,
06-worker-heisenbug-com-log,2,4,200000,194492,246.441,811554.507,0,200000,200000,194492,-5508,5508,2.754,0,{},"[100000,100000]","{""workers"":2,""incrementosPorThread"":100000,""incrementosPerdidos"":5508,""percentualPerdido"":2.75,""logNaSecaoCritica"":true}",nao,
06-worker-heisenbug-com-log,2,5,200000,196052,249.941,800188.979,0,200000,200000,196052,-3948,3948,1.974,0,{},"[100000,100000]","{""workers"":2,""incrementosPorThread"":100000,""incrementosPerdidos"":3948,""percentualPerdido"":1.97,""logNaSecaoCritica"":true}",nao,
06-worker-heisenbug-com-log,2,6,200000,194862,265.671,752810.569,0,200000,200000,194862,-5138,5138,2.569,0,{},"[100000,100000]","{""workers"":2,""incrementosPorThread"":100000,""incrementosPerdidos"":5138,""percentualPerdido"":2.57,""logNaSecaoCritica"":true}",nao,
06-worker-heisenbug-com-log,2,7,200000,195046,263.703,758428.990,0,200000,200000,195046,-4954,4954,2.477,0,{},"[100000,100000]","{""workers"":2,""incrementosPorThread"":100000,""incrementosPerdidos"":4954,""percentualPerdido"":2.48,""logNaSecaoCritica"":true}",nao,
06-worker-heisenbug-com-log,2,8,200000,195561,244.484,818050.420,0,200000,200000,195561,-4439,4439,2.2195,0,{},"[100000,100000]","{""workers"":2,""incrementosPorThread"":100000,""incrementosPerdidos"":4439,""percentualPerdido"":2.22,""logNaSecaoCritica"":true}",nao,
06-worker-heisenbug-com-log,2,9,200000,194338,239.739,834242.021,0,200000,200000,194338,-5662,5662,2.831,0,{},"[100000,100000]","{""workers"":2,""incrementosPorThread"":100000,""incrementosPerdidos"":5662,""percentualPerdido"":2.83,""logNaSecaoCritica"":true}",nao,
06-worker-heisenbug-com-log,2,10,200000,194086,242.992,823073.211,0,200000,200000,194086,-5914,5914,2.957,0,{},"[100000,100000]","{""workers"":2,""incrementosPorThread"":100000,""incrementosPerdidos"":5914,""percentualPerdido"":2.96,""logNaSecaoCritica"":true}",nao,
06-worker-heisenbug-com-log,4,1,200000,181652,235.359,849765.525,0,200000,200000,181652,-18348,18348,9.174,0,{},"[50000,50000,50000,50000]","{""workers"":4,""incrementosPorThread"":50000,""incrementosPerdidos"":18348,""percentualPerdido"":9.17,""logNaSecaoCritica"":true}",nao,
06-worker-heisenbug-com-log,4,2,200000,181501,275.190,726769.496,0,200000,200000,181501,-18499,18499,9.2495,0,{},"[50000,50000,50000,50000]","{""workers"":4,""incrementosPorThread"":50000,""incrementosPerdidos"":18499,""percentualPerdido"":9.25,""logNaSecaoCritica"":true}",nao,
06-worker-heisenbug-com-log,4,3,200000,177068,249.440,801794.818,0,200000,200000,177068,-22932,22932,11.466,0,{},"[50000,50000,50000,50000]","{""workers"":4,""incrementosPorThread"":50000,""incrementosPerdidos"":22932,""percentualPerdido"":11.47,""logNaSecaoCritica"":true}",nao,
06-worker-heisenbug-com-log,4,4,200000,182657,244.900,816659.028,0,200000,200000,182657,-17343,17343,8.6715,0,{},"[50000,50000,50000,50000]","{""workers"":4,""incrementosPorThread"":50000,""incrementosPerdidos"":17343,""percentualPerdido"":8.67,""logNaSecaoCritica"":true}",nao,
06-worker-heisenbug-com-log,4,5,200000,180663,240.572,831353.672,0,200000,200000,180663,-19337,19337,9.6685,0,{},"[50000,50000,50000,50000]","{""workers"":4,""incrementosPorThread"":50000,""incrementosPerdidos"":19337,""percentualPerdido"":9.67,""logNaSecaoCritica"":true}",nao,
06-worker-heisenbug-com-log,4,6,200000,184078,229.090,873018.068,0,200000,200000,184078,-15922,15922,7.961,0,{},"[50000,50000,50000,50000]","{""workers"":4,""incrementosPorThread"":50000,""incrementosPerdidos"":15922,""percentualPerdido"":7.96,""logNaSecaoCritica"":true}",nao,
06-worker-heisenbug-com-log,4,7,200000,183090,229.607,871052.160,0,200000,200000,183090,-16910,16910,8.455,0,{},"[50000,50000,50000,50000]","{""workers"":4,""incrementosPorThread"":50000,""incrementosPerdidos"":16910,""percentualPerdido"":8.46,""logNaSecaoCritica"":true}",nao,
06-worker-heisenbug-com-log,4,8,200000,179309,230.039,869418.739,0,200000,200000,179309,-20691,20691,10.3455,0,{},"[50000,50000,50000,50000]","{""workers"":4,""incrementosPorThread"":50000,""incrementosPerdidos"":20691,""percentualPerdido"":10.35,""logNaSecaoCritica"":true}",nao,
06-worker-heisenbug-com-log,4,9,200000,184277,238.718,837810.235,0,200000,200000,184277,-15723,15723,7.8615,0,{},"[50000,50000,50000,50000]","{""workers"":4,""incrementosPorThread"":50000,""incrementosPerdidos"":15723,""percentualPerdido"":7.86,""logNaSecaoCritica"":true}",nao,
06-worker-heisenbug-com-log,4,10,200000,181565,253.780,788084.428,0,200000,200000,181565,-18435,18435,9.2175,0,{},"[50000,50000,50000,50000]","{""workers"":4,""incrementosPorThread"":50000,""incrementosPerdidos"":18435,""percentualPerdido"":9.22,""logNaSecaoCritica"":true}",nao,
06-worker-heisenbug-com-log,8,1,200000,181621,237.980,840405.284,0,200000,200000,181621,-18379,18379,9.1895,0,{},"[25000,25000,25000,25000,25000,25000,25000,25000]","{""workers"":8,""incrementosPorThread"":25000,""incrementosPerdidos"":18379,""percentualPerdido"":9.19,""logNaSecaoCritica"":true}",nao,
06-worker-heisenbug-com-log,8,2,200000,174005,241.905,826769.985,0,200000,200000,174005,-25995,25995,12.9975,0,{},"[25000,25000,25000,25000,25000,25000,25000,25000]","{""workers"":8,""incrementosPorThread"":25000,""incrementosPerdidos"":25995,""percentualPerdido"":13,""logNaSecaoCritica"":true}",nao,
06-worker-heisenbug-com-log,8,3,200000,178279,232.771,859213.100,0,200000,200000,178279,-21721,21721,10.8605,0,{},"[25000,25000,25000,25000,25000,25000,25000,25000]","{""workers"":8,""incrementosPorThread"":25000,""incrementosPerdidos"":21721,""percentualPerdido"":10.86,""logNaSecaoCritica"":true}",nao,
06-worker-heisenbug-com-log,8,4,200000,181467,233.838,855293.741,0,200000,200000,181467,-18533,18533,9.2665,0,{},"[25000,25000,25000,25000,25000,25000,25000,25000]","{""workers"":8,""incrementosPorThread"":25000,""incrementosPerdidos"":18533,""percentualPerdido"":9.27,""logNaSecaoCritica"":true}",nao,
06-worker-heisenbug-com-log,8,5,200000,177894,228.386,875711.858,0,200000,200000,177894,-22106,22106,11.053,0,{},"[25000,25000,25000,25000,25000,25000,25000,25000]","{""workers"":8,""incrementosPorThread"":25000,""incrementosPerdidos"":22106,""percentualPerdido"":11.05,""logNaSecaoCritica"":true}",nao,
06-worker-heisenbug-com-log,8,6,200000,169754,242.545,824589.534,0,200000,200000,169754,-30246,30246,15.123,0,{},"[25000,25000,25000,25000,25000,25000,25000,25000]","{""workers"":8,""incrementosPorThread"":25000,""incrementosPerdidos"":30246,""percentualPerdido"":15.12,""logNaSecaoCritica"":true}",nao,
06-worker-heisenbug-com-log,8,7,200000,180520,232.423,860498.493,0,200000,200000,180520,-19480,19480,9.74,0,{},"[25000,25000,25000,25000,25000,25000,25000,25000]","{""workers"":8,""incrementosPorThread"":25000,""incrementosPerdidos"":19480,""percentualPerdido"":9.74,""logNaSecaoCritica"":true}",nao,
06-worker-heisenbug-com-log,8,8,200000,172730,235.151,850517.779,0,200000,200000,172730,-27270,27270,13.635,0,{},"[25000,25000,25000,25000,25000,25000,25000,25000]","{""workers"":8,""incrementosPorThread"":25000,""incrementosPerdidos"":27270,""percentualPerdido"":13.63,""logNaSecaoCritica"":true}",nao,
06-worker-heisenbug-com-log,8,9,200000,167792,240.822,830489.340,0,200000,200000,167792,-32208,32208,16.104,0,{},"[25000,25000,25000,25000,25000,25000,25000,25000]","{""workers"":8,""incrementosPorThread"":25000,""incrementosPerdidos"":32208,""percentualPerdido"":16.1,""logNaSecaoCritica"":true}",nao,
06-worker-heisenbug-com-log,8,10,200000,178956,239.189,836158.416,0,200000,200000,178956,-21044,21044,10.522,0,{},"[25000,25000,25000,25000,25000,25000,25000,25000]","{""workers"":8,""incrementosPorThread"":25000,""incrementosPerdidos"":21044,""percentualPerdido"":10.52,""logNaSecaoCritica"":true}",nao,
06-worker-heisenbug-com-log,10,1,200000,174983,268.058,746106.373,0,200000,200000,174983,-25017,25017,12.5085,0,{},"[20000,20000,20000,20000,20000,20000,20000,20000,20000,20000]","{""workers"":10,""incrementosPorThread"":20000,""incrementosPerdidos"":25017,""percentualPerdido"":12.51,""logNaSecaoCritica"":true}",nao,
06-worker-heisenbug-com-log,10,2,200000,171692,272.553,733800.997,0,200000,200000,171692,-28308,28308,14.154,0,{},"[20000,20000,20000,20000,20000,20000,20000,20000,20000,20000]","{""workers"":10,""incrementosPorThread"":20000,""incrementosPerdidos"":28308,""percentualPerdido"":14.15,""logNaSecaoCritica"":true}",nao,
06-worker-heisenbug-com-log,10,3,200000,169415,247.322,808662.120,0,200000,200000,169415,-30585,30585,15.2925,0,{},"[20000,20000,20000,20000,20000,20000,20000,20000,20000,20000]","{""workers"":10,""incrementosPorThread"":20000,""incrementosPerdidos"":30585,""percentualPerdido"":15.29,""logNaSecaoCritica"":true}",nao,
06-worker-heisenbug-com-log,10,4,200000,181889,247.012,809676.853,0,200000,200000,181889,-18111,18111,9.0555,0,{},"[20000,20000,20000,20000,20000,20000,20000,20000,20000,20000]","{""workers"":10,""incrementosPorThread"":20000,""incrementosPerdidos"":18111,""percentualPerdido"":9.06,""logNaSecaoCritica"":true}",nao,
06-worker-heisenbug-com-log,10,5,200000,182022,244.639,817531.833,0,200000,200000,182022,-17978,17978,8.989,0,{},"[20000,20000,20000,20000,20000,20000,20000,20000,20000,20000]","{""workers"":10,""incrementosPorThread"":20000,""incrementosPerdidos"":17978,""percentualPerdido"":8.99,""logNaSecaoCritica"":true}",nao,
06-worker-heisenbug-com-log,10,6,200000,174399,250.412,798682.439,0,200000,200000,174399,-25601,25601,12.8005,0,{},"[20000,20000,20000,20000,20000,20000,20000,20000,20000,20000]","{""workers"":10,""incrementosPorThread"":20000,""incrementosPerdidos"":25601,""percentualPerdido"":12.8,""logNaSecaoCritica"":true}",nao,
06-worker-heisenbug-com-log,10,7,200000,178152,264.428,756350.270,0,200000,200000,178152,-21848,21848,10.924,0,{},"[20000,20000,20000,20000,20000,20000,20000,20000,20000,20000]","{""workers"":10,""incrementosPorThread"":20000,""incrementosPerdidos"":21848,""percentualPerdido"":10.92,""logNaSecaoCritica"":true}",nao,
06-worker-heisenbug-com-log,10,8,200000,168975,256.446,779892.804,0,200000,200000,168975,-31025,31025,15.5125,0,{},"[20000,20000,20000,20000,20000,20000,20000,20000,20000,20000]","{""workers"":10,""incrementosPorThread"":20000,""incrementosPerdidos"":31025,""percentualPerdido"":15.51,""logNaSecaoCritica"":true}",nao,
06-worker-heisenbug-com-log,10,9,200000,172553,247.517,808026.669,0,200000,200000,172553,-27447,27447,13.7235,0,{},"[20000,20000,20000,20000,20000,20000,20000,20000,20000,20000]","{""workers"":10,""incrementosPorThread"":20000,""incrementosPerdidos"":27447,""percentualPerdido"":13.72,""logNaSecaoCritica"":true}",nao,
06-worker-heisenbug-com-log,10,10,200000,169909,249.360,802054.598,0,200000,200000,169909,-30091,30091,15.0455,0,{},"[20000,20000,20000,20000,20000,20000,20000,20000,20000,20000]","{""workers"":10,""incrementosPorThread"":20000,""incrementosPerdidos"":30091,""percentualPerdido"":15.05,""logNaSecaoCritica"":true}",nao,
06-worker-heisenbug-com-log,16,1,200000,185728,364.801,548243.860,0,200000,200000,185728,-14272,14272,7.136,0,{},"[12500,12500,12500,12500,12500,12500,12500,12500,12500,12500,12500,12500,12500,12500,12500,12500]","{""workers"":16,""incrementosPorThread"":12500,""incrementosPerdidos"":14272,""percentualPerdido"":7.14,""logNaSecaoCritica"":true}",nao,
06-worker-heisenbug-com-log,16,2,200000,187507,302.366,661450.486,0,200000,200000,187507,-12493,12493,6.2465,0,{},"[12500,12500,12500,12500,12500,12500,12500,12500,12500,12500,12500,12500,12500,12500,12500,12500]","{""workers"":16,""incrementosPorThread"":12500,""incrementosPerdidos"":12493,""percentualPerdido"":6.25,""logNaSecaoCritica"":true}",nao,
06-worker-heisenbug-com-log,16,3,200000,190263,385.585,518692.040,0,200000,200000,190263,-9737,9737,4.8685,0,{},"[12500,12500,12500,12500,12500,12500,12500,12500,12500,12500,12500,12500,12500,12500,12500,12500]","{""workers"":16,""incrementosPorThread"":12500,""incrementosPerdidos"":9737,""percentualPerdido"":4.87,""logNaSecaoCritica"":true}",nao,
06-worker-heisenbug-com-log,16,4,200000,175927,414.357,482675.664,0,200000,200000,175927,-24073,24073,12.0365,0,{},"[12500,12500,12500,12500,12500,12500,12500,12500,12500,12500,12500,12500,12500,12500,12500,12500]","{""workers"":16,""incrementosPorThread"":12500,""incrementosPerdidos"":24073,""percentualPerdido"":12.04,""logNaSecaoCritica"":true}",nao,
06-worker-heisenbug-com-log,16,5,200000,182206,297.891,671387.267,0,200000,200000,182206,-17794,17794,8.897,0,{},"[12500,12500,12500,12500,12500,12500,12500,12500,12500,12500,12500,12500,12500,12500,12500,12500]","{""workers"":16,""incrementosPorThread"":12500,""incrementosPerdidos"":17794,""percentualPerdido"":8.9,""logNaSecaoCritica"":true}",nao,
06-worker-heisenbug-com-log,16,6,200000,183056,362.675,551457.601,0,200000,200000,183056,-16944,16944,8.472,0,{},"[12500,12500,12500,12500,12500,12500,12500,12500,12500,12500,12500,12500,12500,12500,12500,12500]","{""workers"":16,""incrementosPorThread"":12500,""incrementosPerdidos"":16944,""percentualPerdido"":8.47,""logNaSecaoCritica"":true}",nao,
06-worker-heisenbug-com-log,16,7,200000,177998,341.552,585563.159,0,200000,200000,177998,-22002,22002,11.001,0,{},"[12500,12500,12500,12500,12500,12500,12500,12500,12500,12500,12500,12500,12500,12500,12500,12500]","{""workers"":16,""incrementosPorThread"":12500,""incrementosPerdidos"":22002,""percentualPerdido"":11,""logNaSecaoCritica"":true}",nao,
06-worker-heisenbug-com-log,16,8,200000,181661,424.808,470800.649,0,200000,200000,181661,-18339,18339,9.1695,0,{},"[12500,12500,12500,12500,12500,12500,12500,12500,12500,12500,12500,12500,12500,12500,12500,12500]","{""workers"":16,""incrementosPorThread"":12500,""incrementosPerdidos"":18339,""percentualPerdido"":9.17,""logNaSecaoCritica"":true}",nao,
06-worker-heisenbug-com-log,16,9,200000,194614,422.410,473473.920,0,200000,200000,194614,-5386,5386,2.693,0,{},"[12500,12500,12500,12500,12500,12500,12500,12500,12500,12500,12500,12500,12500,12500,12500,12500]","{""workers"":16,""incrementosPorThread"":12500,""incrementosPerdidos"":5386,""percentualPerdido"":2.69,""logNaSecaoCritica"":true}",nao,
06-worker-heisenbug-com-log,16,10,200000,176635,451.126,443335.490,0,200000,200000,176635,-23365,23365,11.6825,0,{},"[12500,12500,12500,12500,12500,12500,12500,12500,12500,12500,12500,12500,12500,12500,12500,12500]","{""workers"":16,""incrementosPorThread"":12500,""incrementosPerdidos"":23365,""percentualPerdido"":11.68,""logNaSecaoCritica"":true}",nao,
06-worker-heisenbug-com-log,20,1,200000,187591,410.530,487175.214,0,200000,200000,187591,-12409,12409,6.2045,0,{},"[10000,10000,10000,10000,10000,10000,10000,10000,10000,10000,10000,10000,10000,10000,10000,10000,10000,10000,10000,10000]","{""workers"":20,""incrementosPorThread"":10000,""incrementosPerdidos"":12409,""percentualPerdido"":6.2,""logNaSecaoCritica"":true}",nao,
06-worker-heisenbug-com-log,20,2,200000,193832,307.350,650724.902,0,200000,200000,193832,-6168,6168,3.084,0,{},"[10000,10000,10000,10000,10000,10000,10000,10000,10000,10000,10000,10000,10000,10000,10000,10000,10000,10000,10000,10000]","{""workers"":20,""incrementosPorThread"":10000,""incrementosPerdidos"":6168,""percentualPerdido"":3.08,""logNaSecaoCritica"":true}",nao,
06-worker-heisenbug-com-log,20,3,200000,187889,283.002,706709.201,0,200000,200000,187889,-12111,12111,6.0555,0,{},"[10000,10000,10000,10000,10000,10000,10000,10000,10000,10000,10000,10000,10000,10000,10000,10000,10000,10000,10000,10000]","{""workers"":20,""incrementosPorThread"":10000,""incrementosPerdidos"":12111,""percentualPerdido"":6.06,""logNaSecaoCritica"":true}",nao,
06-worker-heisenbug-com-log,20,4,200000,182848,336.612,594155.883,0,200000,200000,182848,-17152,17152,8.576,0,{},"[10000,10000,10000,10000,10000,10000,10000,10000,10000,10000,10000,10000,10000,10000,10000,10000,10000,10000,10000,10000]","{""workers"":20,""incrementosPorThread"":10000,""incrementosPerdidos"":17152,""percentualPerdido"":8.58,""logNaSecaoCritica"":true}",nao,
06-worker-heisenbug-com-log,20,5,200000,173343,338.227,591319.577,0,200000,200000,173343,-26657,26657,13.3285,0,{},"[10000,10000,10000,10000,10000,10000,10000,10000,10000,10000,10000,10000,10000,10000,10000,10000,10000,10000,10000,10000]","{""workers"":20,""incrementosPorThread"":10000,""incrementosPerdidos"":26657,""percentualPerdido"":13.33,""logNaSecaoCritica"":true}",nao,
06-worker-heisenbug-com-log,20,6,200000,190071,311.798,641440.332,0,200000,200000,190071,-9929,9929,4.9645,0,{},"[10000,10000,10000,10000,10000,10000,10000,10000,10000,10000,10000,10000,10000,10000,10000,10000,10000,10000,10000,10000]","{""workers"":20,""incrementosPorThread"":10000,""incrementosPerdidos"":9929,""percentualPerdido"":4.96,""logNaSecaoCritica"":true}",nao,
06-worker-heisenbug-com-log,20,7,200000,180278,296.882,673668.138,0,200000,200000,180278,-19722,19722,9.861,0,{},"[10000,10000,10000,10000,10000,10000,10000,10000,10000,10000,10000,10000,10000,10000,10000,10000,10000,10000,10000,10000]","{""workers"":20,""incrementosPorThread"":10000,""incrementosPerdidos"":19722,""percentualPerdido"":9.86,""logNaSecaoCritica"":true}",nao,
06-worker-heisenbug-com-log,20,8,200000,192911,276.287,723885.818,0,200000,200000,192911,-7089,7089,3.5445,0,{},"[10000,10000,10000,10000,10000,10000,10000,10000,10000,10000,10000,10000,10000,10000,10000,10000,10000,10000,10000,10000]","{""workers"":20,""incrementosPorThread"":10000,""incrementosPerdidos"":7089,""percentualPerdido"":3.54,""logNaSecaoCritica"":true}",nao,
06-worker-heisenbug-com-log,20,9,200000,192009,282.468,708044.281,0,200000,200000,192009,-7991,7991,3.9955,0,{},"[10000,10000,10000,10000,10000,10000,10000,10000,10000,10000,10000,10000,10000,10000,10000,10000,10000,10000,10000,10000]","{""workers"":20,""incrementosPorThread"":10000,""incrementosPerdidos"":7991,""percentualPerdido"":4,""logNaSecaoCritica"":true}",nao,
06-worker-heisenbug-com-log,20,10,200000,193621,292.078,684747.812,0,200000,200000,193621,-6379,6379,3.1895,0,{},"[10000,10000,10000,10000,10000,10000,10000,10000,10000,10000,10000,10000,10000,10000,10000,10000,10000,10000,10000,10000]","{""workers"":20,""incrementosPorThread"":10000,""incrementosPerdidos"":6379,""percentualPerdido"":3.19,""logNaSecaoCritica"":true}",nao,
